title,sup_title,color_num,price,offer_price,off_percent,tag,url
Nike Dunk Low,Men's Shoes,1,109.95,,,Member Access,https://www.nike.com/gb/t/dunk-low-shoes-VB5h2T/FJ4227-001
Nike Air Force 1 '07,Men's Shoes,2,109.95,,,Bestseller,https://www.nike.com/gb/t/air-force-1-07-shoes-VJhk3P/DV0788-100
Nike Air Max Plus,Men's Shoes,2,169.95,,,Bestseller,https://www.nike.com/gb/t/air-max-plus-shoes-SzVGZR/604133-050
Air Jordan 1 Low,Men's Shoes,7,109.95,,,,https://www.nike.com/gb/t/air-jordan-1-low-shoes-X55MZq/553558-065
Nike Waffle One,Men's Shoes,2,89.95,44.97,50% off,,https://www.nike.com/gb/t/waffle-one-shoes-1JSWJP/DA7995-001
Nike Air Force 1 '07,Men's Shoe,2,109.95,,,Bestseller,https://www.nike.com/gb/t/air-force-1-07-shoe-Pbt0tj/CT2302-100
Nike Air Force 1 '07 Fresh,Men's Shoes,2,124.95,,,Available in SNKRS,https://www.nike.com/gb/launch/r/DM0211-002
Nike Air Force 1 Low By You,Custom Men's Shoes,7,134.95,,,Customise,https://www.nike.com/gb/u/custom-nike-air-force-1-low-by-you-10001371/4020678811
ISPA Mindbody,Men's Shoes,2,164.95,,,,https://www.nike.com/gb/t/ispa-mindbody-shoes-MMKZtG/DH7546-700
Nike Dunk Low,Men's Shoes,1,109.95,,,,https://www.nike.com/gb/t/dunk-low-shoes-h1RRnR/FN3612-300
Nike Air Max 90,Men's Shoes,2,134.95,,,,https://www.nike.com/gb/t/air-max-90-shoes-9HvCw3/FJ4218-001
Nike Dunk Low,Men's Shoes,1,109.95,,,Bestseller,https://www.nike.com/gb/t/dunk-low-shoes-pbkbKk/FD0661-100
Nike Wearallday,Men's Shoe,1,69.95,38.97,44% off,,https://www.nike.com/gb/t/wearallday-shoe-Q3r0bL/CJ1682-004
Air Jordan 1 Mid,Men's Shoes,8,114.95,,,,https://www.nike.com/gb/t/air-jordan-1-mid-shoes-83Lm6R/DQ8426-400
Nike Waffle Debut,Men's Shoes,2,69.95,38.97,44% off,,https://www.nike.com/gb/t/waffle-debut-shoes-QFbPQj/DH9522-001
Nike Air Max SC,Men's Shoes,3,79.95,,,,https://www.nike.com/gb/t/air-max-sc-shoes-z1CqsQ/CW4555-003
Nike Air Max Plus III,Men's Shoes,1,169.95,,,,https://www.nike.com/gb/t/air-max-plus-iii-shoes-TG71Wt/CJ9684-002
Nike Air Force 1 '07,Men's Shoes,2,109.95,,,,https://www.nike.com/gb/t/air-force-1-07-shoes-GjGXSP/CW2288-001
Nike Air Max Terrascape Plus,Men's Shoes,3,179.95,,,Sustainable Materials,https://www.nike.com/gb/t/air-max-terrascape-plus-shoes-CVWRMQ/DQ3977-001
Nike Air Max 95,Men's Shoes,2,169.95,,,,https://www.nike.com/gb/t/air-max-95-shoes-48dqjb/FJ4217-002
Nike Dunk Low,Men's Shoes,1,109.95,,,,https://www.nike.com/gb/t/dunk-low-shoes-QmXGw5/FJ5429-133
Nike Air Max 270,Men's Shoes,3,144.95,,,,https://www.nike.com/gb/t/air-max-270-shoes-Kqzbp7/AH8050-002
Nike Air Max Plus,Men's Shoes,1,179.95,,,Member Access,https://www.nike.com/gb/t/air-max-plus-shoes-TkX2Vq/FJ4224-001
Air Jordan 3 Retro,Men's Shoes,1,189.95,,,,https://www.nike.com/gb/t/air-jordan-3-retro-shoes-50s4nG/CT8532-148
Nike React Vision,Men's Shoes,1,119.95,83.97,29% off,,https://www.nike.com/gb/t/react-vision-shoes-mz0d1n/FB3353-001
Nike Air VaporMax 2023 Flyknit,Men's Shoes,3,204.95,,,Sustainable Materials,https://www.nike.com/gb/t/air-vapormax-2023-flyknit-shoes-xgCQsr/DV1678-002
Nike Air Max Plus,Men's Shoes,1,169.95,,,,https://www.nike.com/gb/t/air-max-plus-shoes-5QK6xz/DM0032-101
Nike Air Force 1 Low,Men's Shoes,1,134.95,,,Available in SNKRS,https://www.nike.com/gb/launch/r/FB9128-100
Nike Air Max Plus Utility,Men's Shoes,1,179.95,,,,https://www.nike.com/gb/t/air-max-plus-utility-shoes-kZZ2vm/FD0670-002
Air Jordan 1 'Next Chapter',Men's Shoes,1,179.95,,,Available in SNKRS,https://www.nike.com/gb/launch/r/DV1748-601
Nike Air Huarache,Men's Shoes,1,114.95,80.47,29% off,,https://www.nike.com/gb/t/air-huarache-shoes-9QhmfT/FD0665-001
Nike Air Force 1 '07,Men's Shoes,1,114.95,,,,https://www.nike.com/gb/t/air-force-1-07-shoes-FfWDkp/FD9748-001
Nike Waffle One Leather,Men's Shoes,2,109.95,60.47,45% off,,https://www.nike.com/gb/t/waffle-one-leather-shoes-G28TpK/DX9428-001
Nike Air Max Plus Utility,Men's Shoes,2,179.95,,,,https://www.nike.com/gb/t/air-max-plus-utility-shoes-5vDtJv/FJ4232-100
Nike Air Force 1 '07,Men's Shoes,1,114.95,,,Member Access,https://www.nike.com/gb/t/air-force-1-07-shoes-GGhsx1/FJ4226-100
Nike Air VaporMax 2021 FK,Men's Shoes,1,199.95,,,Bestseller,https://www.nike.com/gb/t/air-vapormax-2021-fk-shoes-k6B9zW/DH4084-001
Nike Air Max 97,Men's Shoes,3,169.95,,,,https://www.nike.com/gb/t/air-max-97-shoes-nsRddC/921826-101
Nike Court Vision Low Next Nature,Men's Shoes,1,69.95,45.47,34% off,Sustainable Materials,https://www.nike.com/gb/t/court-vision-low-next-nature-shoes-KgBcZj/DH2987-001
Nike Air Monarch IV,Men's Training Shoe,4,69.95,,,,https://www.nike.com/gb/t/air-monarch-iv-training-shoe-t6VLxN/415445-001
Air Jordan 1 Retro High OG,Shoes,2,164.95,,,,https://www.nike.com/gb/t/air-jordan-1-retro-high-og-shoes-bdgqHT/555088-037
Air Jordan 5 Retro Low SP,Shoes,1,179.95,,,,https://www.nike.com/gb/t/air-jordan-5-retro-low-sp-shoes-RDmmMD/DM4640-036
Nike SB Dunk Low Pro Premium,Men's Shoes,1,99.95,,,Available in SNKRS,https://www.nike.com/gb/launch/r/DX6775-400
Nike Dunk Low,Shoes,1,109.95,,,,https://www.nike.com/gb/t/dunk-low-shoes-Hc8P1d/FD0803-100
Nike Pegasus Trail 4,Men's Trail-Running Shoes,6,124.95,,,Bestseller,https://www.nike.com/gb/t/pegasus-trail-4-trail-running-shoes-bZSnFl/DJ6158-001
Nike Air Max SYSTM,Men's Shoes,1,89.95,53.97,40% off,,https://www.nike.com/gb/t/air-max-systm-shoes-8vVF3Z/DM9537-001
Nike Air Max 90,Men's Shoe,3,134.95,,,,https://www.nike.com/gb/t/air-max-90-shoes-dlXJdc/CN8490-100
Nike Air Pegasus '89,Men's Shoes,1,109.95,76.97,29% off,,https://www.nike.com/gb/t/air-pegasus-89-shoes-rM5lsg/FD3598-100
Nike Wearallday,Men's Shoe,2,69.95,,,,https://www.nike.com/gb/t/wearallday-shoe-qqsRJL/CJ1682-003
Nike Air Max 95,Men's Shoes,1,169.95,,,,https://www.nike.com/gb/t/air-max-95-shoes-SJrR6z/DX4236-100
Nike Air Max 90 Next Nature,Men's Shoes,1,134.95,,,Member Access,https://www.nike.com/gb/t/air-max-90-next-nature-shoes-Mkt6Ms/FJ4824-001
Nike Air Max Flyknit Racer,Men's Shoes,1,152.95,107.47,29% off,Sustainable Materials,https://www.nike.com/gb/t/air-max-flyknit-racer-shoes-dV1dd8/DJ6106-001
Nike Air Max 97,Men's Shoes,1,169.95,,,,https://www.nike.com/gb/t/air-max-97-shoes-fMmq50/FN3408-001
Nike React Vision,Men's Shoe,2,124.95,,,,https://www.nike.com/gb/t/react-vision-shoe-qVpFQX/CD4373-101
Nike Air Huarache,Men's Shoes,3,114.95,,,,https://www.nike.com/gb/t/air-huarache-shoes-5j6tMX/DD1068-002
Air Jordan 1 Low,Men's Shoes,1,109.95,,,,https://www.nike.com/gb/t/air-jordan-1-low-shoes-vRlQsV/553558-066
Nike Air Max 90,Men's Shoes,1,134.95,,,,https://www.nike.com/gb/t/air-max-90-shoes-hvR4V9/DZ3522-002
Nike ACG Mountain Fly 2 Low,Men's Shoes,2,134.95,,,Sold Out,https://www.nike.com/gb/t/acg-mountain-fly-2-low-shoes-SpxpWz/DV7903-001
Nike Air Max 90,Men's Shoes,1,144.95,,,Member Access,https://www.nike.com/gb/t/air-max-90-shoes-p2gZgN/FJ4223-100
Nike Pegasus Turbo,Men's Road Running Shoes,7,144.95,101.47,29% off,Sustainable Materials,https://www.nike.com/gb/t/pegasus-turbo-road-running-shoes-48Rzt5/DM3413-003
Nike Air Force 1 Low x Slam Jam,Men's Shoes,1,152.95,,,,https://www.nike.com/gb/t/air-force-1-low-slam-jam-shoes-FmbkWn/DX5590-001
Nike Air Force 1 '07,Men's Shoes,1,114.95,,,Member Access,https://www.nike.com/gb/t/air-force-1-07-shoes-PdDjkL/FD0660-100
Air Max 90 LTR,Men's Shoe,2,134.95,,,,https://www.nike.com/gb/t/air-max-90-ltr-shoe-4qFl8H/CZ5594-100
Nike Blazer Low '77 Vintage,Men's Shoes,1,89.95,,,,https://www.nike.com/gb/t/blazer-low-77-vintage-shoes-ZSBNx7/DA6364-101
Nike Air Max 95 Essential,Men's Shoe,2,169.95,,,,https://www.nike.com/gb/t/air-max-95-essential-shoe-KffNK0/CI3705-001
Nike Air Max Plus 3,Men's Shoes,1,169.95,,,,https://www.nike.com/gb/t/air-max-plus-3-shoes-zKdkH4/DM2560-001
Nike Air Pegasus '89,Men's Shoes,1,109.95,,,,https://www.nike.com/gb/t/air-pegasus-89-shoes-z3xkhc/FN3415-100
Nike Pegasus 40 By You,Custom Men's Road Running Shoes,6,144.95,,,Customise,https://www.nike.com/gb/u/custom-pegasus-40-by-you-10001526/7808805218
Nike Zoom Vomero 5 SP,Men's Shoes,2,144.95,,,Available in SNKRS,https://www.nike.com/gb/launch/r/BV1358-001
Nike Run Swift 2,Men's Road Running Shoes,1,69.95,55.97,19% off,,https://www.nike.com/gb/t/run-swift-2-road-running-shoes-2Vlx0T/CU3517-004
Nike Court Vision Mid,Men's Shoes,1,74.95,52.47,29% off,,https://www.nike.com/gb/t/court-vision-mid-shoes-kX74gX/DM8682-001
Nike Pegasus Trail 4 GORE-TEX,Men's Waterproof Trail-Running Shoes,5,144.95,,,,https://www.nike.com/gb/t/pegasus-trail-4-gore-tex-waterproof-trail-running-shoes-tVWltb/DJ7926-100
Jordan 6 Rings,Men's Shoes,1,164.95,98.97,40% off,,https://www.nike.com/gb/t/jordan-6-rings-shoes-1jzdpw/322992-064
Nike Cortez,Men's Shoes,1,99.95,,,Available in SNKRS,https://www.nike.com/gb/launch/r/FD0728-133
Nike Air Max 90,Men's Shoes,1,144.95,115.97,19% off,Member Access,https://www.nike.com/gb/t/air-max-90-shoes-4jZD7T/FD9753-100
Nike Air Force 1 Low Retro,Men's Shoes,1,134.95,80.97,40% off,,https://www.nike.com/gb/t/air-force-1-low-retro-shoes-qBBG9z/DM0576-101
Jordan 6 Rings,Men's Shoes,2,164.95,98.97,40% off,,https://www.nike.com/gb/t/jordan-6-rings-shoes-Pd6HTT/322992-121
Air Jordan 13 Retro,Men's Shoes,1,189.95,,,,https://www.nike.com/gb/t/air-jordan-13-retro-shoes-V91x91/DJ5982-060
NikeCourt Royale 2 Next Nature,Men's Shoes,1,64.95,38.97,40% off,Sustainable Materials,https://www.nike.com/gb/t/nikecourt-royale-2-next-nature-shoes-mKwDkC/DH3160-001
Nike Benassi JDI,Men's Slide,1,29.95,21.47,28% off,,https://www.nike.com/gb/t/benassi-jdi-slide-Ch5BLB/343880-403
Nike Air Force 1 '07 Next Nature,Men's Shoes,1,114.95,,,Member Access,https://www.nike.com/gb/t/air-force-1-07-next-nature-shoes-lgB6sd/FJ4825-100
Nike Tempo,Men's Road Running Shoes,3,189.95,,,,https://www.nike.com/gb/t/tempo-road-running-shoes-rVsrCV/CI9923-600
Nike Vaporfly 3,Men's Road Racing Shoes,3,234.95,,,Bestseller,https://www.nike.com/gb/t/vaporfly-3-road-racing-shoes-w1H0HM/DV4129-101
Air Jordan 13 Retro,Shoe,1,179.95,,,,https://www.nike.com/gb/t/air-jordan-13-retro-shoe-mg1cpF/414571-164
Nike Air Max 95 Ultra,Men's Shoes,1,169.95,,,,https://www.nike.com/gb/t/air-max-95-ultra-shoes-sSvhbm/FJ4216-002
Jordan Series Mid,Men's Shoes,1,89.95,53.97,40% off,,https://www.nike.com/gb/t/jordan-series-mid-shoes-770ccN/DA8026-002
Air Jordan 1 Low SE,Men's Shoes,1,104.95,,,,https://www.nike.com/gb/t/air-jordan-1-low-se-shoes-K3Wkdn/DV1309-051
Air Jordan 1 Hi FlyEase,Men's Shoes,1,164.95,,,Member Access,https://www.nike.com/gb/t/air-jordan-1-hi-flyease-shoes-JGJQbT/CQ3835-051
Air Jordan 1 Hi FlyEase,Men's Shoes,1,164.95,,,Member Access,https://www.nike.com/gb/t/air-jordan-1-hi-flyease-shoes-X682vT/CQ3835-060
Nike Victori One,Men's Shower Slide,1,24.95,,,,https://www.nike.com/gb/t/victori-one-shower-slide-J3VjbQ/CZ5478-001
Nike Zoom Mercurial Vapor 15 Elite XXV FG,Firm-Ground Football Boot,1,234.95,,,,https://www.nike.com/gb/t/zoom-mercurial-vapor-15-elite-xxv-fg-football-boot-kD8NLQ/FB8395-060
Nike Zoom Mercurial Superfly 9 Elite XXV FG,Firm-ground Football Boots,1,249.95,,,,https://www.nike.com/gb/t/zoom-mercurial-superfly-9-elite-xxv-fg-football-boot-q1grXr/FB8397-060
Nike Air Max 95 By You,Custom Men's Shoe,6,179.95,,,Customise,https://www.nike.com/gb/u/custom-nike-air-max-95-by-you-10001245/3524937763
Nike Infinity Pro 2,Men's Golf Shoes,4,114.95,,,,https://www.nike.com/gb/t/infinity-pro-2-golf-shoes-TP1Pbq/DJ5593-001
Nike Metcon 8 By You,Custom Men's Training Shoes,6,152.95,,,Customise,https://www.nike.com/gb/u/custom-nike-metcon-8-by-you-10001342/7347124835
Nike Revolution 6,Men's Running Shoes (Extra Wide),9,59.95,,,Sustainable Materials,https://www.nike.com/gb/t/revolution-6-running-shoes-FgfhgR/DD8475-601
Nike Zoom Superfly Elite 2,Athletics Sprinting Spikes,1,159.95,,,,https://www.nike.com/gb/t/zoom-superfly-elite-2-athletics-sprinting-spikes-tLVVbV/CD4382-600
Jumpman Two Trey,Men's Shoes,5,134.95,,,,https://www.nike.com/gb/t/jumpman-two-trey-shoes-XsmXZK/DO1925-104
NikeCourt Air Zoom NXT,Men's Clay Court Tennis Shoes,3,144.95,,,,https://www.nike.com/gb/t/nikecourt-air-zoom-nxt-clay-court-tennis-shoes-pk5xbF/DV3270-001
NikeCourt Zoom Vapor Cage 4 Rafa,Men's Hard Court Tennis Shoes,2,144.95,,,,https://www.nike.com/gb/t/nikecourt-zoom-vapor-cage-4-rafa-hard-court-tennis-shoes-nHtpQB/DD1579-102
Nike Air Trainer 1,Men's Shoes,1,114.95,,,,https://www.nike.com/gb/t/air-trainer-1-shoes-zgjZ0S/DM0522-200
Nike ACG Lowcate,Shoes,4,109.95,,,,https://www.nike.com/gb/t/acg-lowcate-shoes-fgtL7G/DM8019-300
Nike x MMW 005,Men's Slides,3,169.95,,,Available in SNKRS,https://www.nike.com/gb/launch/r/DH1258-700
Nike Dunk High By You,Custom Men's Shoes,6,134.95,,,Customise,https://www.nike.com/gb/u/custom-nike-dunk-high-by-you-shoes-10001378/2190276125
NikeCourt Air Zoom Vapor 11,Men's Clay Tennis Shoes,3,169.95,,,,https://www.nike.com/gb/t/nikecourt-air-zoom-vapor-11-clay-tennis-shoes-gnMvK7/DV2014-400
Nike Structure 24,Men's Road Running Shoes,4,114.95,,,,https://www.nike.com/gb/t/structure-24-road-running-shoes-F9Xm7d/DA8535-403
Nike P-6000,Shoes,3,99.95,,,,https://www.nike.com/gb/t/p-6000-shoes-ZPs4bq/FD9876-100
Nike Pegasus Turbo Next Nature SE,Men's Road Running Shoes,1,144.95,,,Sustainable Materials,https://www.nike.com/gb/t/pegasus-turbo-next-nature-se-road-running-shoes-Vz8xnL/FB7183-001
Nike Phantom GX Academy Dynamic Fit MG,Multi-Ground Football Boots,3,84.95,,,Sustainable Materials,https://www.nike.com/gb/t/phantom-gx-academy-dynamic-fit-mg-multi-ground-football-boots-ZkdSm7/DD9472-446
Air Jordan 5 Retro 'Green Bean',Men's Shoes,1,179.95,,,,https://www.nike.com/gb/t/air-jordan-5-retro-green-bean-shoes-XXS6Wd/DM9014-003
Nike Zoom Mercurial Vapor 15 Academy XXV MG,Multi-Ground Football Boot,1,74.95,,,,https://www.nike.com/gb/t/zoom-mercurial-vapor-15-academy-xxv-mg-multi-ground-football-boot-l363jW/FB8399-060
Nike SuperRep Go 3 Next Nature Flyknit,Men's Training Shoes,1,99.95,,,Sustainable Materials,https://www.nike.com/gb/t/superrep-go-3-next-nature-flyknit-training-shoes-MKC6Qs/DH3394-402
Nike Court Vision Mid Next Nature,Men's Shoes,1,74.95,,,Sustainable Materials,https://www.nike.com/gb/t/court-vision-mid-next-nature-shoes-fRrkkK/FJ3998-100
The Nike Premier 3 FG,Firm-Ground Football Boot,1,89.95,,,,https://www.nike.com/gb/t/premier-3-fg-football-boot-St1KzZ/AT5889-600
Nike Phantom GX Academy MG,Multi-Ground Football Boot,3,74.95,,,Sustainable Materials,https://www.nike.com/gb/t/phantom-gx-academy-mg-multi-ground-football-boot-Cg0Nbm/DD9473-010
Nike Dunk High 85 x UNDERCOVER,Shoes,1,134.95,,,,https://www.nike.com/gb/t/dunk-high-85-undercover-shoes-r16H5S/DQ4121-001
Zion 2 'Full Moon',Men's Basketball Shoes,8,114.95,,,,https://www.nike.com/gb/t/zion-2-full-moon-basketball-shoes-8vtRkh/FJ2957-200
Nike Phantom GX Academy MG By You,Custom Multi-Ground Football Boot,6,104.95,,,Customise,https://www.nike.com/gb/u/custom-phantom-academy-low-by-you-10001417/7425384464
Nike Air Max 95 Unlocked By You,Custom Men's Shoes,6,199.95,,,Customise,https://www.nike.com/gb/u/custom-nike-air-max-95-unlocked-by-you-10001343/6808484523
Nike Air Penny 2 x St端ssy,Men's Shoes,1,179.95,,,,https://www.nike.com/gb/t/air-penny-2-stussy-shoes-C3Cv0C/DX6933-300
Nike Gripknit Phantom GX Elite SG-Pro Anti-Clog Traction,Soft-Ground Football Boot,2,244.95,,,,https://www.nike.com/gb/t/gripknit-phantom-gx-elite-sg-pro-anti-clog-traction-football-boot-4PCJ97/DD9443-010
Jumpman Two Trey,Men's Shoes,5,134.95,,,,https://www.nike.com/gb/t/jumpman-two-trey-shoes-XsmXZK/DO1925-104
NikeCourt Air Zoom NXT,Men's Clay Court Tennis Shoes,3,144.95,,,,https://www.nike.com/gb/t/nikecourt-air-zoom-nxt-clay-court-tennis-shoes-pk5xbF/DV3270-001
NikeCourt Zoom Vapor Cage 4 Rafa,Men's Hard Court Tennis Shoes,2,144.95,,,,https://www.nike.com/gb/t/nikecourt-zoom-vapor-cage-4-rafa-hard-court-tennis-shoes-nHtpQB/DD1579-102
Nike Air Trainer 1,Men's Shoes,1,114.95,,,,https://www.nike.com/gb/t/air-trainer-1-shoes-zgjZ0S/DM0522-200
Nike ACG Lowcate,Shoes,4,109.95,,,,https://www.nike.com/gb/t/acg-lowcate-shoes-fgtL7G/DM8019-300
Nike x MMW 005,Men's Slides,3,169.95,,,Available in SNKRS,https://www.nike.com/gb/launch/r/DH1258-700
Nike Dunk High By You,Custom Men's Shoes,6,134.95,,,Customise,https://www.nike.com/gb/u/custom-nike-dunk-high-by-you-shoes-10001378/2190276125
NikeCourt Air Zoom Vapor 11,Men's Clay Tennis Shoes,3,169.95,,,,https://www.nike.com/gb/t/nikecourt-air-zoom-vapor-11-clay-tennis-shoes-gnMvK7/DV2014-400
Nike Structure 24,Men's Road Running Shoes,4,114.95,,,,https://www.nike.com/gb/t/structure-24-road-running-shoes-F9Xm7d/DA8535-403
Nike P-6000,Shoes,3,99.95,,,,https://www.nike.com/gb/t/p-6000-shoes-ZPs4bq/FD9876-100
Nike Pegasus Turbo Next Nature SE,Men's Road Running Shoes,1,144.95,,,Sustainable Materials,https://www.nike.com/gb/t/pegasus-turbo-next-nature-se-road-running-shoes-Vz8xnL/FB7183-001
Nike Phantom GX Academy Dynamic Fit MG,Multi-Ground Football Boots,3,84.95,,,Sustainable Materials,https://www.nike.com/gb/t/phantom-gx-academy-dynamic-fit-mg-multi-ground-football-boots-ZkdSm7/DD9472-446
Air Jordan 5 Retro 'Green Bean',Men's Shoes,1,179.95,,,,https://www.nike.com/gb/t/air-jordan-5-retro-green-bean-shoes-XXS6Wd/DM9014-003
Nike Zoom Mercurial Vapor 15 Academy XXV MG,Multi-Ground Football Boot,1,74.95,,,,https://www.nike.com/gb/t/zoom-mercurial-vapor-15-academy-xxv-mg-multi-ground-football-boot-l363jW/FB8399-060
Nike SuperRep Go 3 Next Nature Flyknit,Men's Training Shoes,1,99.95,,,Sustainable Materials,https://www.nike.com/gb/t/superrep-go-3-next-nature-flyknit-training-shoes-MKC6Qs/DH3394-402
Nike Court Vision Mid Next Nature,Men's Shoes,1,74.95,,,Sustainable Materials,https://www.nike.com/gb/t/court-vision-mid-next-nature-shoes-fRrkkK/FJ3998-100
The Nike Premier 3 FG,Firm-Ground Football Boot,1,89.95,,,,https://www.nike.com/gb/t/premier-3-fg-football-boot-St1KzZ/AT5889-600
Nike Phantom GX Academy MG,Multi-Ground Football Boot,3,74.95,,,Sustainable Materials,https://www.nike.com/gb/t/phantom-gx-academy-mg-multi-ground-football-boot-Cg0Nbm/DD9473-010
Nike Dunk High 85 x UNDERCOVER,Shoes,1,134.95,,,,https://www.nike.com/gb/t/dunk-high-85-undercover-shoes-r16H5S/DQ4121-001
Zion 2 'Full Moon',Men's Basketball Shoes,8,114.95,,,,https://www.nike.com/gb/t/zion-2-full-moon-basketball-shoes-8vtRkh/FJ2957-200
Nike Phantom GX Academy MG By You,Custom Multi-Ground Football Boot,6,104.95,,,Customise,https://www.nike.com/gb/u/custom-phantom-academy-low-by-you-10001417/7425384464
Nike Air Max 95 Unlocked By You,Custom Men's Shoes,6,199.95,,,Customise,https://www.nike.com/gb/u/custom-nike-air-max-95-unlocked-by-you-10001343/6808484523
Nike Air Penny 2 x St端ssy,Men's Shoes,1,179.95,,,,https://www.nike.com/gb/t/air-penny-2-stussy-shoes-C3Cv0C/DX6933-300
Nike Gripknit Phantom GX Elite SG-Pro Anti-Clog Traction,Soft-Ground Football Boot,2,244.95,,,,https://www.nike.com/gb/t/gripknit-phantom-gx-elite-sg-pro-anti-clog-traction-football-boot-4PCJ97/DD9443-010
Air Jordan 1 Low FlyEase,Men's Easy On/Off Shoes,1,134.95,,,,https://www.nike.com/gb/t/air-jordan-1-low-flyease-easy-on-off-shoes-VbkN5F/DM1206-174
Nike Zoom Vomero 5,Men's Shoes,1,144.95,,,Available in SNKRS,https://www.nike.com/gb/launch/r/FN3420-200
Nike Air Max SYSTM,Men's Shoes,3,99.95,,,,https://www.nike.com/gb/t/air-max-systm-shoes-sFmN3l/DM9537-004
Nike Zoom Rival,Athletics Sprinting Spikes,2,69.95,,,,https://www.nike.com/gb/t/zoom-rival-athletics-sprinting-spikes-987Ddm/DC8753-400
Nike Zoom Mercurial Vapor 15 Academy TF,Turf Football Shoes,3,74.95,,,Sustainable Materials,https://www.nike.com/gb/t/zoom-mercurial-vapor-15-academy-tf-football-shoes-H8NLw4/DJ5635-605
Nike Go FlyEase,Easy On/Off Shoes,2,114.95,,,,https://www.nike.com/gb/t/go-flyease-easy-on-off-shoes-MWN8NF/DR5540-102
Nike Air Max 95 By Sean Cosgrove,Custom Men's Shoe,1,179.95,,,Customise,https://www.nike.com/gb/u/custom-nike-air-max-95-by-you-10001319/4491636087
Nike React Live,Men's Shoe,1,109.95,,,,https://www.nike.com/gb/t/react-live-shoe-sZqvtx/CV1772-400
Nike Air Penny 2,Men's Shoes,1,169.95,,,,https://www.nike.com/gb/t/air-penny-2-shoes-m9LPx6/DV0817-001
Nike Gripknit Phantom GX Elite AG By You,Custom Football Boot,4,259.95,,,Customise,https://www.nike.com/gb/u/custom-phantom-elite-low-by-you-10001415/3838605020
Nike Air Presto,Men's Shoes,3,119.95,,,,https://www.nike.com/gb/t/air-presto-shoes-fcJMBZ/CT3550-003
Air Jordan 1 Low FlyEase,Men's Easy On/Off Shoes,1,134.95,,,,https://www.nike.com/gb/t/air-jordan-1-low-flyease-easy-on-off-shoes-cR838H/DM1206-066
Nike Air Max 97 By You,Custom Men's Shoe,6,189.95,,,Customise,https://www.nike.com/gb/u/custom-nike-air-max-97-by-you-10001072/9123189220
Nike Air Max 95,Men's Shoes,4,169.95,,,,https://www.nike.com/gb/t/air-max-95-shoes-FjSCcc/DM0011-004
NikeCourt Air Zoom Lite 3,Men's Tennis Shoes,3,59.95,,,,https://www.nike.com/gb/t/nikecourt-air-zoom-lite-3-tennis-shoes-6j3KsV/DV3258-001
Nike Vomero 16,Men's Road Running Shoes,4,144.95,115.97,19% off,,https://www.nike.com/gb/t/vomero-16-road-running-shoes-xX6nxp/DA7245-011
Jordan Jumpman Pro,Men's Shoes,2,129.95,,,,https://www.nike.com/gb/t/jordan-jumpman-pro-shoes-j5vqXB/DN3686-103
Jordan ADG 4,Men's Golf Shoes,3,159.95,,,,https://www.nike.com/gb/t/jordan-adg-4-golf-shoes-P4scvQ/DM0103-010
Nike Air Flight 89,Men's Shoes,1,114.95,,,,https://www.nike.com/gb/t/air-flight-89-shoes-13QGfL/FD9928-101
Nike Zegama,Men's Trail-Running Shoes,4,144.95,,,,https://www.nike.com/gb/t/zegama-trail-running-shoes-txKtct/DH0623-302
Nike Gripknit Phantom GX Elite Dynamic Fit FG,Firm-Ground Football Boot,3,249.95,,,,https://www.nike.com/gb/t/gripknit-phantom-gx-elite-dynamic-fit-fg-football-boot-FBsZwP/DC9969-705
Nike Vapor Drive,Hockey Shoes,3,113.95,71.97,36% off,,https://www.nike.com/gb/t/vapor-drive-hockey-shoes-lSsV4s/AV6634-410
Nike Free Metcon 5,Men's Training Shoes,4,114.95,,,,https://www.nike.com/gb/t/free-metcon-5-training-shoes-Q2QZvV/DV3949-002
Nike Dunk High Retro,Men's Shoes,1,114.95,,,,https://www.nike.com/gb/t/dunk-high-retro-shoes-zb6hX7/FJ4210-001
Nike Zoom Mercurial Superfly 9 Pro FG,Firm-Ground Football Boot,3,144.95,,,,https://www.nike.com/gb/t/zoom-mercurial-superfly-9-pro-fg-football-boot-nMCTwZ/DJ5598-146
NOCTA x Nike Hot Step Air Terra,Men's Shoes,1,164.95,,,Available in SNKRS,https://www.nike.com/gb/launch/r/DR0508-001
Air Jordan 5 x DJ Khaled,Men's Shoes,1,202.95,,,,https://www.nike.com/gb/t/air-jordan-5-dj-khaled-shoes-6bZCX4/DV4982-641
Nike Zoom Mercurial Superfly 9 Elite SG-Pro Anti-Clog Traction,Soft-Ground Football Boot,3,259.95,,,,https://www.nike.com/gb/t/zoom-mercurial-superfly-9-elite-sg-pro-anti-clog-traction-football-boot-QhnrGQ/DJ5166-001
Nike Air Max Terrascape 97,Men's Shoes,2,179.95,,,Sustainable Materials,https://www.nike.com/gb/t/air-max-terrascape-97-shoes-Trbm6k/DQ3976-001
Nike Court Vision Low,Men's Shoes,1,69.95,,,,https://www.nike.com/gb/t/court-vision-low-shoes-r5KXbb/FJ5437-133
Nike Juniper Trail 2,Men's Trail-Running Shoes,4,79.95,,,Sustainable Materials,https://www.nike.com/gb/t/juniper-trail-2-trail-running-shoes-MPS4NQ/DM0822-601
Nike Tanjun,Men's Shoes,3,69.95,,,Sustainable Materials,https://www.nike.com/gb/t/tanjun-shoes-fqTzd3/DJ6258-002
Air Jordan Dub Zero,Men's Shoes,2,152.95,107.47,29% off,,https://www.nike.com/gb/t/air-jordan-dub-zero-shoes-x0ZW7h/311046-162
Nike Zoom Rival Waffle 6,Athletics Distance Spikes,1,69.95,,,,https://www.nike.com/gb/t/zoom-rival-waffle-6-athletics-distance-spikes-svjgmR/DX7998-700
Jordan Max Aura 4,Men's Shoes,9,114.95,,,,https://www.nike.com/gb/t/jordan-max-aura-4-shoes-bzn4qR/DN3687-005
Nike Air Force 1 '07 LV8,Men's Shoes,1,114.95,,,,https://www.nike.com/gb/t/air-force-1-07-lv8-shoes-8Whnb0/DV7184-001
Nike Kiger 9,Men's Trail-Running Shoes,4,134.95,,,,https://www.nike.com/gb/t/kiger-9-trail-running-shoes-G62sHD/DR2693-600
NikeCourt Air Zoom NXT,Men's Hard Court Tennis Shoes,3,144.95,,,,https://www.nike.com/gb/t/nikecourt-air-zoom-nxt-hard-court-tennis-shoes-7HXZ2l/DV3276-002
Air Jordan 5 Retro Low PSG,Men's Shoes,1,179.95,,,,https://www.nike.com/gb/t/air-jordan-5-retro-low-psg-shoes-6fgq02/DX6325-204
Nike Gripknit Phantom GX Elite Dynamic Fit AG By You,Custom Football Boot,3,279.95,,,Customise,https://www.nike.com/gb/u/custom-nike-phantom-elite-dynamic-fit-by-you-10001413/7169575770
Nike Court Vintage Premium,Men's Shoe,2,69.95,,,,https://www.nike.com/gb/t/court-vintage-shoe-qKJ5Ps/CT1726-101
Nike Air Max TW,Men's Shoes,1,144.95,,,Sustainable Materials,https://www.nike.com/gb/t/air-max-tw-shoes-6xB7gk/DV7721-001
Nike Pegasus Trail 4 By You,Custom Men's Trail-Running Shoes,7,134.95,,,Customise,https://www.nike.com/gb/u/custom-pegasus-trail-4-by-you-10001512/4696106241
Nike Air Trainer 1 SP,Men's Shoes,1,134.95,,,,https://www.nike.com/gb/t/air-trainer-1-sp-shoes-bPPvrx/DH7338-300
Nike Air Force 1 '07,Men's Shoes,1,114.95,,,,https://www.nike.com/gb/t/air-force-1-07-shoes-NvKCfx/FJ4228-100
Nike Terminator High OG,Men's Shoes,1,124.95,,,,https://www.nike.com/gb/t/terminator-high-og-shoes-mwTKqD/FB1832-001
Nike SB Force 58,Skate Shoe,2,69.95,,,,https://www.nike.com/gb/t/sb-force-58-skate-shoe-FJqFrT/CZ2959-400
NikeCourt Air Zoom Vapor Cage 4 Rafa,Men's Clay Tennis Shoes,2,144.95,,,,https://www.nike.com/gb/t/nikecourt-air-zoom-vapor-cage-4-rafa-clay-tennis-shoes-0Vfm8c/DV1773-100
Nike x Ambush Air Adjust Force,Men's Shoes,2,189.95,,,,https://www.nike.com/gb/t/ambush-air-adjust-force-shoes-6KxrD6/DM8465-800
Nike Court Vision Mid Next Nature,Men's Shoes,4,74.95,,,Sustainable Materials,https://www.nike.com/gb/t/court-vision-mid-next-nature-shoes-lK9nZm/DN3577-001
Nike ACG Air Zoom Gaiadome GORE-TEX,Shoes,2,204.95,,,,https://www.nike.com/gb/t/acg-air-zoom-gaiadome-gore-tex-shoes-m5v5d8/DD2858-200
Nike Winflo 10,Men's Road Running Shoes,4,99.95,,,Sustainable Materials,https://www.nike.com/gb/t/wio-10-road-running-shoes-xXMbMb/DV4022-101
NikeCourt Air Zoom Lite 3,Men's Clay Court Tennis Shoes,3,59.95,,,,https://www.nike.com/gb/t/nikecourt-air-zoom-lite-3-clay-court-tennis-shoes-65V9qj/DV3263-300
Nike SB Ishod Premium,Men's Shoes,1,99.95,,,,https://www.nike.com/gb/t/sb-ishod-shoes-rZG3Xg/DV5473-001
Nike Dunk Low Unlocked By You,Custom Men's Shoes,9,134.95,,,Customise,https://www.nike.com/gb/u/custom-dunk-low-unlocked-by-you-10001544/5564672014
Jordan Air 200E,Men's Shoes,3,119.95,83.97,29% off,,https://www.nike.com/gb/t/jordan-air-200e-shoes-mk7tg5/DC9836-808
Nike Metcon 8,Men's Training Shoes,6,124.95,,,,https://www.nike.com/gb/t/metcon-8-training-shoes-lFNllk/DO9328-007
Nike React Infinity 3,Men's Road Running Shoes,6,152.95,,,,https://www.nike.com/gb/t/react-infinity-3-road-running-shoes-TXLsbD/DZ3014-002
Jordan Stay Loyal 2,Men's Shoes,11,109.95,,,,https://www.nike.com/gb/t/jordan-stay-loyal-2-shoes-pS4P02/DQ8401-107
Nike Air Force 1 Mid By You,Men's Custom Shoes,6,134.95,,,Customise,https://www.nike.com/gb/u/custom-nike-air-force-1-mid-by-you-shoes-10001368/3412199347
Jordan Series Mid,Men's Shoes,2,89.95,,,,https://www.nike.com/gb/t/jordan-series-mid-shoes-8LB79w/DA8026-400
Nike Venture Runner,Men's Shoe,2,64.95,,,,https://www.nike.com/gb/t/venture-runner-shoe-bQZ77g/CK2944-002
Nike Terminator High,Men's Shoes,1,124.95,,,,https://www.nike.com/gb/t/terminator-high-shoes-6lQTmJ/FJ4454-100
Nike SB Zoom Blazer Low Pro GT,Skate Shoes,1,74.95,56.47,24% off,,https://www.nike.com/gb/t/sb-zoom-blazer-low-pro-gt-skate-shoes-5dmrDX/DC7695-002
Nike Air Max 95,Men's Shoes,1,179.95,,,Member Access,https://www.nike.com/gb/t/air-max-95-shoes-hgRxvs/FD9752-001
Nike Zoom Mercurial Vapor 15 Elite FG,Firm-Ground Football Boot,3,234.95,,,,https://www.nike.com/gb/t/zoom-mercurial-vapor-15-elite-fg-football-boot-zlzSkD/DJ4978-001
Nike Air Zoom Victory Tour 3,Men's Golf Shoes,3,204.95,,,,https://www.nike.com/gb/t/air-zoom-victory-tour-3-golf-shoes-kkC6Q7/DV6798-010
Nike Romaleos 4,Training Shoe,2,179.95,,,,https://www.nike.com/gb/t/romaleos-4-training-shoe-t8KsPl/CD3463-010
Jordan Why Not .6,Men's Shoes,4,134.95,,,,https://www.nike.com/gb/t/jordan-why-not-6-shoes-TzZzwz/DO7189-400
Nike Tiempo Legend 9 Elite MI SG-Pro Anti-Clog Traction,Soft-Ground Football Boot,1,224.95,,,,https://www.nike.com/gb/t/tiempo-legend-9-elite-mi-sg-pro-anti-clog-traction-football-boot-XDBCXK/DQ7794-140
Jordan Series ES,Men's Shoes,2,79.95,,,,https://www.nike.com/gb/t/jordan-series-es-shoes-zPGmm0/DN1856-002
Air Jordan Low SE,Men's Shoes,1,114.95,,,,https://www.nike.com/gb/t/air-jordan-low-se-shoes-MrJh1s/DX4334-300
Nike Blazer Mid '77,Men's Shoes,1,99.95,,,Member Access,https://www.nike.com/gb/t/blazer-mid-77-shoes-97FDld/FJ4827-100
Nike Air Penny 2 x St端ssy,Men's Shoes,1,179.95,,,,https://www.nike.com/gb/t/air-penny-2-stussy-shoes-S34J82/DX6934-200
Nike Zoom Mercurial Superfly 9 Elite AG-Pro,Artificial-Grass Football Boot,2,249.95,,,,https://www.nike.com/gb/t/zoom-mercurial-superfly-9-elite-ag-pro-football-boot-fqB8b9/DJ5165-001
Nike Blazer Mid '77 Vintage,Men's Shoes,1,99.95,89.97,,,https://www.nike.com/gb/t/blazer-mid-77-vintage-shoes-vRFGKh/BQ6806-123
Air Jordan 1 Low G,Golf Shoes,3,114.95,,,,https://www.nike.com/gb/t/air-jordan-1-low-g-golf-shoes-0P1HcH/DD9315-003
Nike Vomero 16,Men's Road Running Shoes,1,144.95,,,,https://www.nike.com/gb/t/vomero-16-road-running-shoes-g70CQx/FJ3995-100
Nike Zoom Mercurial Vapor 15 Pro FG,Firm-Ground Football Boot,2,134.95,,,,https://www.nike.com/gb/t/zoom-mercurial-vapor-15-pro-fg-football-boot-WrlXS2/DJ5603-605
Air Jordan 1 Zoom Comfort 2,Men's Shoes,1,152.95,,,Member Access,https://www.nike.com/gb/t/air-jordan-1-zoom-comfort-2-shoes-mRQqb0/FD4327-121
Nike Zoom Mercurial Vapor 15 Academy FG/MG By You,Custom Multi-Ground Football Boot,6,109.95,,,Customise,https://www.nike.com/gb/u/custom-nike-zoom-mercurial-vapor-15-academy-by-you-10001355/8405673646
Nike Dunk High By You,Custom Men's Shoes,5,134.95,,,Customise,https://www.nike.com/gb/u/custom-nike-dunk-high-by-you-shoes-10001513/3866315917
Nike Tiempo Legend 9 Elite SG-Pro AC,Soft-Ground Football Boot,1,224.95,,,,https://www.nike.com/gb/t/tiempo-legend-9-elite-sg-pro-ac-football-boot-cD1cmx/DB0822-001
Nike Phantom GX Academy TF,Turf Football Shoes,3,74.95,,,Sustainable Materials,https://www.nike.com/gb/t/phantom-gx-academy-tf-football-shoes-CT5c1P/DD9477-446
Nike Cortez,Men's Shoes,1,89.95,,,Available in SNKRS,https://www.nike.com/gb/launch/r/DM4044-100
Nike Blazer Mid '77 By You,Custom Men's Shoes,6,114.95,,,Customise,https://www.nike.com/gb/u/custom-nike-blazer-mid-77-by-you-10001250/2900102060
Nike Downshifter 12,Men's Road Running Shoes,7,64.95,,,Sustainable Materials,https://www.nike.com/gb/t/downshifter-12-road-running-shoes-zhJr9p/DD9293-100
Tiger Woods '13,Men's Golf Shoes,1,224.95,,,,https://www.nike.com/gb/t/tiger-woods-13-golf-shoes-nxNr9T/DR5752-016
Nike Air Max Terrascape 90,Men's Shoes,4,144.95,,,,https://www.nike.com/gb/t/air-max-terrascape-90-shoes-fKvqXm/DV7413-002
Nike Gripknit Phantom GX Elite FG,Firm-Ground Football Boot,3,234.95,,,Bestseller,https://www.nike.com/gb/t/gripknit-phantom-gx-elite-fg-football-boot-C0D3tn/DC9968-446
NikeCourt Air Zoom Vapor Pro 2,Men's Clay Tennis Shoes,4,114.95,,,,https://www.nike.com/gb/t/nikecourt-air-zoom-vapor-pro-2-clay-tennis-shoes-mblhmm/DV2020-003
Nike Air Force 1 '07,Men's Shoes,2,114.95,,,,https://www.nike.com/gb/t/air-force-1-07-shoes-5R023S/FJ4209-100
Nike Zoom Mercurial Superfly 9 Elite FG,Firm-Ground Football Boot,3,249.95,,,,https://www.nike.com/gb/t/zoom-mercurial-superfly-9-elite-fg-football-boot-tjbNFg/DJ4977-001
Nike Air Foamposite 1,Men's Shoes,1,224.95,,,,https://www.nike.com/gb/t/air-foamposite-1-shoes-lDvVCK/DV0815-100
Nike Air Zoom Flight 95,Men's Shoes,1,164.95,,,,https://www.nike.com/gb/t/air-zoom-flight-95-shoes-MRDd2Z/DX5505-100
Nike Dunk High 85,Men's Shoes,2,124.95,,,,https://www.nike.com/gb/t/dunk-high-85-shoes-PgVxFK/DQ8799-101
Nike Air Flight 89,Men's Shoes,1,114.95,,,,https://www.nike.com/gb/t/air-flight-89-shoes-NcF0F8/CU4833-015
Nike Lunar Force 1,Men's Duckboot,1,164.95,,,Just In,https://www.nike.com/gb/t/lunar-force-1-duckboot-fxtrZd/DZ5320-200
NikeCourt Air Zoom Pro,Men's Clay Court Tennis Shoes,1,99.95,74.97,24% off,,https://www.nike.com/gb/t/nikecourt-air-zoom-pro-clay-court-tennis-shoes-klj6GH/DV3277-001
Nike ISPA Universal,Men's Shoes,3,72.95,,,,https://www.nike.com/gb/t/ispa-universal-shoes-21X8Qx/DM0886-101
Nike Phantom GT2 Academy FlyEase MG,Easy On/Off Multi-Ground Football Boot,1,72.95,,,,https://www.nike.com/gb/t/phantom-gt2-academy-flyease-mg-easy-on-off-multi-ground-football-boot-h26RLD/DH9638-446
NikeCourt Vapor Lite,Men's Clay Court Tennis Shoe,1,64.95,,,,https://www.nike.com/gb/t/nikecourt-vapor-lite-clay-court-tennis-shoe-6MMv70/DH2949-024
Nike Air Force 1 '07 LX NBHD,Men's Shoes,1,114.95,,,Just In,https://www.nike.com/gb/t/air-force-1-07-lx-nbhd-shoes-JDwx0w/DV7186-700
Air Jordan 2 Retro Low,Men's Shoes,2,144.95,,,Launching in SNKRS,https://www.nike.com/gb/launch/r/DV9956-103
Nike Streetgato,Football Shoes,7,72.95,,,Just In,https://www.nike.com/gb/t/streetgato-football-shoes-zhWVgz/DC8466-444
Nike Air Max 95 By PPSC,Custom Men's Shoe,1,179.95,,,Customise,https://www.nike.com/gb/u/custom-nike-air-max-95-by-you-10001286/4345219897
Nike Air Max Plus 3,Men's Shoes,1,179.95,,,Member Access,https://www.nike.com/gb/t/air-max-plus-3-shoes-6PdpNS/FJ4225-100
Nike Zoom Rival,Athletics Jumping Spikes,1,69.95,,,,https://www.nike.com/gb/t/zoom-rival-athletics-jumping-spikes-D09x33/DR2756-001
Jordan Delta 3 Low,Men's Shoes,2,124.95,,,,https://www.nike.com/gb/t/jordan-delta-3-low-shoes-hrtXQM/DN2647-002
Jordan ADG 4 NRG,Men's Golf Shoes,1,199.95,,,,https://www.nike.com/gb/t/jordan-adg-4-nrg-golf-shoes-MQl3v5/DZ4525-001
Air Jordan 1 Low OG,Shoes,3,134.95,,,Available in SNKRS,https://www.nike.com/gb/launch/r/CZ0790-061
Nike Air Trainer 1,Men's Shoes,1,114.95,,,,https://www.nike.com/gb/t/air-trainer-1-shoes-wxDW5n/DV6998-200
Nike Wildhorse 8,Men's Trail-Running Shoes,3,114.95,,,,https://www.nike.com/gb/t/wildhorse-8-trail-running-shoes-KPr49v/DR2686-002
Nike Dunk Low By You,Custom Men's Shoes,2,114.95,,,Customise,https://www.nike.com/gb/u/custom-nike-dunk-low-by-you-10001226/6838875645
Roshe G Next Nature,Men's Golf Shoes,5,89.95,,,Sustainable Materials,https://www.nike.com/gb/t/roshe-g-next-nature-golf-shoes-zZ4MBF/DV1202-601
LeBron XX,Basketball Shoes,2,179.95,,,,https://www.nike.com/gb/t/lebron-xx-basketball-shoes-S7CxdF/DJ5423-003
Nike Air Max 90,Men's Shoes,1,144.95,,,,https://www.nike.com/gb/t/air-max-90-shoes-5bGG8t/FJ4229-001
Air Jordan 12 Retro x Eastside Golf,Men's Shoes,1,202.95,,,,https://www.nike.com/gb/t/air-jordan-12-retro-eastside-golf-shoes-M6lDPP/DV1758-108
Nike ACG Air Mowabb,Shoes,1,152.95,84.47,44% off,,https://www.nike.com/gb/t/acg-air-mowabb-shoes-1S5XVc/DC9554-500
Nike Zoom Mercurial Vapor 15 Pro FG,Firm-Ground Football Boot,1,134.95,,,,https://www.nike.com/gb/t/zoom-mercurial-vapor-15-pro-fg-football-boot-lNTZxs/DR5938-810
Nike Quest 5,Men's Road Running Shoes,2,72.95,,,,https://www.nike.com/gb/t/quest-5-road-running-shoes-lf4MST/DD0204-001
Nike Victori One,Men's Shower Slide,3,22.95,20.97,,,https://www.nike.com/gb/t/victori-one-shower-slide-CD8Lsf/CZ5478-401
Nike Air Zoom Flight 95,Men's Shoes,1,164.95,,,,https://www.nike.com/gb/t/air-zoom-flight-95-shoes-HmnPDk/DV0820-100
Nike Air Force 1 High By You,Men's Custom Shoes,6,144.95,,,Customise,https://www.nike.com/gb/u/custom-nike-air-force-1-high-by-you-shoes-10001372/5146625751
Air Jordan 1 Retro High OG,Men's Shoes,3,164.95,,,,https://www.nike.com/gb/t/air-jordan-1-retro-high-og-shoes-KX7601/DZ5485-052
Nike Air Penny 2,Men's Shoes,1,169.95,,,,https://www.nike.com/gb/t/air-penny-2-shoes-RdMldv/FB7727-100
Nike Motiva,Men's Walking Shoes,2,99.95,,,,https://www.nike.com/gb/t/motiva-walking-shoes-Vb1pwM/DV1237-001
Nike Air Force 1 Low SP x UNDERCOVER,Men's Shoes,3,144.95,,,,https://www.nike.com/gb/t/air-force-1-low-sp-undercover-shoes-1wH9GF/DQ7558-001
Nike Air Zoom LJ Elite,Athletics Jumping Spikes,1,114.95,,,,https://www.nike.com/gb/t/air-zoom-lj-elite-athletics-jumping-spikes-FPhtZV/CT0079-101
Jordan One Take 4,Basketball Shoes,6,89.95,,,,https://www.nike.com/gb/t/jordan-one-take-4-basketball-shoes-n6nzpd/DO7193-061
Nike Air Max 95 x Future Movement,Shoes,1,169.95,,,,https://www.nike.com/gb/t/air-max-95-future-movement-shoes-4QfXJ7/DX4615-100
Nike Phantom GX Academy Dynamic Fit MG By You,Custom Multi-Ground Football Boot,5,112.95,,,Customise,https://www.nike.com/gb/u/custom-phantom-academy-dynamic-fit-by-you-10001416/5595900790
Nike Tiempo Legend 9 Elite AG-Pro,Artificial-Ground Football Boot,1,214.95,,,,https://www.nike.com/gb/t/tiempo-legend-9-elite-ag-pro-football-boot-PnX204/DB0824-001
Nike Air Max Pulse,Men's Shoes,3,144.95,,,,https://www.nike.com/gb/t/air-max-pulse-shoes-DtVTbL/DR0453-004
Nike Victori One,Men's Slide,7,29.95,,,,https://www.nike.com/gb/t/victori-one-slide-3V75Sf/CN9675-108
Nike Air Max 1 '86 OG G,Men's Golf Shoes,1,152.95,,,Just In,https://www.nike.com/gb/t/air-max-1-86-og-g-golf-shoes-GhDdmN/DV1403-110
Nike Metcon 8 FlyEase,Men's Easy On/Off Training Shoes,2,124.95,,,,https://www.nike.com/gb/t/metcon-8-flyease-easy-on-off-training-shoes-mQWmcj/DO9388-006
Nike Pegasus 40,Men's Road Running Shoes (Wide),10,114.95,,,,https://www.nike.com/gb/t/pegasus-40-road-running-shoes-HTDVsQ/DV7480-001
Nike Air More Uptempo '96,Men's Shoes,1,164.95,,,,https://www.nike.com/gb/t/air-more-uptempo-96-shoes-hhdBqN/DV7230-100
Nike Vandal High x St端ssy,Men's Shoes,1,114.95,,,Launching in SNKRS,https://www.nike.com/gb/launch/r/DX5425-400
Nike Air Max Plus Mercurial 25,Men's Shoes,1,179.95,,,,https://www.nike.com/gb/t/air-max-plus-mercurial-25-shoes-kv7PVB/FJ4883-001
Jordan Point Lane,Men's Shoes,4,124.95,,,,https://www.nike.com/gb/t/jordan-point-lane-shoes-53LZr6/CZ4166-164
Air Jordan Low SE,Men's Shoes,1,114.95,,,Just In,https://www.nike.com/gb/t/air-jordan-low-se-shoes-Krkq3D/DX4334-008
Nike Zoom Mercurial Superfly 9 Elite FG By You,Custom Firm-Ground Football Boot,4,279.95,,,Customise,https://www.nike.com/gb/u/custom-nike-mercurial-superfly-9-elite-by-you-10001356/5618552284
Nike Blazer Mid '77 Unlocked By You,Custom Men's Shoes,9,134.95,,,Customise,https://www.nike.com/gb/u/custom-blazer-mid-unlocked-77-by-you-10001484/8930103843
Nike Gripknit Phantom GX Elite Fusion AG-Pro,Artificial-Grass Football Boot,1,234.95,,,,https://www.nike.com/gb/t/gripknit-phantom-gx-elite-fusion-ag-pro-football-boot-DRQ6CP/DV6970-071
NikeCourt Air Zoom Vapor 11,Men's Hard Court Tennis Shoes,3,169.95,,,,https://www.nike.com/gb/t/nikecourt-air-zoom-vapor-11-hard-court-tennis-shoes-1WqjnH/DR6966-101
Nike Air Force 1 '07,Men's Shoes,2,114.95,,,,https://www.nike.com/gb/t/air-force-1-07-shoes-rQrxJb/FD0667-001
Nike Ebernon Low,Men's Shoes,1,64.95,,,,https://www.nike.com/gb/t/ebernon-low-shoes-CgSn2f/AQ1775-004
Nike Pegasus Trail 4 By You,Custom Men's Trail-Running Shoes,1,152.95,,,Customise,https://www.nike.com/gb/u/custom-pegasus-trail-4-by-you-10001511/7210505347
Nike Blazer Low '77 By You,Custom Men's Shoes,4,114.95,,,Customise,https://www.nike.com/gb/u/custom-nike-blazer-low-77-by-you-10001280/9323980455
Nike Zoom Mercurial Vapor 15 Elite AG-Pro,Artificial-Grass Football Boots,3,234.95,,,,https://www.nike.com/gb/t/zoom-mercurial-vapor-15-elite-ag-pro-football-boots-rtpDw0/DJ5167-605
Nike ISPA Sense Flyknit,Men's Shoes,1,179.95,,,Sustainable Materials,https://www.nike.com/gb/t/ispa-sense-flyknit-shoes-mbCWX5/CW3203-600
Nike Infinity G,Golf Shoes,1,52.95,37.47,29% off,,https://www.nike.com/gb/t/infinity-g-golf-shoes-w3qsGv/CT0531-101
Nike Invincible 3,Men's Road Running Shoes,3,169.95,,,Bestseller,https://www.nike.com/gb/t/invincible-3-road-running-shoes-jg0td1/DR2615-400
Nike Zoom Mercurial Superfly 9 Academy MG,Multi-Ground Football Boot,3,84.95,,,Sustainable Materials,https://www.nike.com/gb/t/zoom-mercurial-superfly-9-academy-mg-multi-ground-football-boot-HhlDp2/DJ5625-605
Nike Gripknit Phantom GX Elite Dynamic Fit SG-Pro Anti-Clog Traction,Soft-Ground Football Boot,1,259.95,,,,https://www.nike.com/gb/t/gripknit-phantom-gx-elite-dynamic-fit-sg-pro-anti-clog-traction-football-boot-ctjnLR/DD9444-446
Luka 1 'Next Nature',Basketball Shoes,10,109.95,,,Sustainable Materials,https://www.nike.com/gb/t/luka-1-next-nature-basketball-shoes-CCfKwx/DX2353-004
Nike Air Force 1 '07,Men's Shoes,3,114.95,,,,https://www.nike.com/gb/t/air-force-1-07-shoes-lDRcJb/FJ4211-002
Nike Precision 6,Basketball Shoes,5,69.95,,,,https://www.nike.com/gb/t/precision-6-basketball-shoes-qST57f/DD9535-002
Air Jordan 5 Retro,Men's Shoes,1,179.95,,,,https://www.nike.com/gb/t/air-jordan-5-retro-shoes-z9Qq0K/DD0587-141
Nike Invincible 3 By You,Custom Men's Road Running Shoes,4,199.95,,,Customise,https://www.nike.com/gb/u/nike-invincible-run-3-by-you-custom-shoes-10001505/5652585846
Jordan Zoom Separate,Basketball Shoes,1,99.95,,,,https://www.nike.com/gb/t/jordan-zoom-separate-basketball-shoes-TbxlHG/DH0249-484
Nike Dunk Low x CLOT x Fragment Design,Men's Shoes,1,134.95,,,Launching in SNKRS,https://www.nike.com/gb/launch/r/FN0315-110
Jumpman Two Trey,Men's Shoes,3,134.95,80.97,40% off,,https://www.nike.com/gb/t/jumpman-two-trey-shoes-zdGmlH/DO1925-106
The Nike Premier 3 FG,Firm-Ground Football Boot,3,99.95,,,,https://www.nike.com/gb/t/premier-3-fg-football-boot-j7PbSL/AT5889-407
Nike Air Max Plus,Men's Shoes,1,169.95,,,Member Access,https://www.nike.com/gb/t/air-max-plus-shoes-XcB71H/FJ1012-095
Air Jordan XXXVII Low,Basketball Shoes,4,164.95,,,,https://www.nike.com/gb/t/air-jordan-xxxvii-low-basketball-shoes-fN7QS7/DQ4122-061
Nike Quest 5,Men's Road Running Shoes,1,72.95,,,,https://www.nike.com/gb/t/quest-5-road-running-shoes-R8wtjM/DD0204-004
Nike Zoom Mercurial Superfly 9 Academy FG By You,Custom Firm-Ground Football Boot,6,114.95,,,Customise,https://www.nike.com/gb/u/custom-mercurial-superfly-9-academy-by-you-10001357/9606319346
Nike Air Presto By You,Custom Men's Shoe,6,144.95,,,Customise,https://www.nike.com/gb/u/air-presto-id-shoe-10001143/8079005990
Nike Pegasus FlyEase By You,Custom Men's Easy On/Off Road Running Shoes,6,134.95,,,Customise,https://www.nike.com/gb/u/custom-nike-air-zoom-pegasus-flyease-by-you-10001268/2026277576
Nike Savaleos,Weightlifting Shoe,2,114.95,103.47,,,https://www.nike.com/gb/t/savaleos-weightlifting-shoe-jdvC4R/CV5708-083
Nike SB Dunk High Pro,Skate Shoes,1,114.95,,,Just In,https://www.nike.com/gb/t/sb-dunk-high-pro-skate-shoes-jkKcJ5/DH7778-100
Air Jordan 1 Zoom CMFT 2,Men's Shoes,1,144.95,,,Just In,https://www.nike.com/gb/t/air-jordan-1-zoom-cmft-2-shoes-W6SpKW/DV1307-180
Nike Air Max Alpha Trainer 5,Men's Training Shoes,2,74.95,,,,https://www.nike.com/gb/t/air-max-alpha-trainer-5-training-shoes-R7lFbj/DM0829-008
Nike Tiempo Legend 9 Pro FG,Firm-Ground Football Boot,1,124.95,,,,https://www.nike.com/gb/t/tiempo-legend-9-pro-fg-football-boot-MzvfnH/DA1175-001
Nike Air Max TW,Men's Shoes,4,144.95,,,Sustainable Materials,https://www.nike.com/gb/t/air-max-tw-shoes-vzFVNk/DQ3984-102
Nike Zoom Mercurial Vapor 15 Elite SG-Pro Anti-Clog Traction,Soft-Ground Football Boot,2,244.95,,,,https://www.nike.com/gb/t/zoom-mercurial-vapor-15-elite-sg-pro-anti-clog-traction-football-boots-4T4lj6/DJ5168-001
Nike Gripknit Phantom GX Elite Dynamic Fit Fusion SG Anti-clog Traction,Soft-Ground Football Boot,1,259.95,,,,https://www.nike.com/gb/t/gripknit-phantom-gx-elite-dynamic-fit-fusion-sg-anti-clog-traction-football-boots-P9QcVQ/FD5230-071
Nike Air Max 1 SC,Men's Shoes,1,144.95,,,Available in SNKRS,https://www.nike.com/gb/launch/r/DZ4549-100
Nike Air Zoom Infinity Tour NEXT% NRG,Golf Shoes,1,179.95,,,,https://www.nike.com/gb/t/air-zoom-infinity-tour-next-nrg-golf-shoes-0dtlz7/DV6801-701
Nike Air Max 90,Men's Shoes,1,134.95,,,,https://www.nike.com/gb/t/air-max-90-shoes-lBcSQn/DX4233-001
Nike Zoom Mercurial Vapor 15 Elite XXV AG-Pro,Artificial-Grass Football Boot,1,234.95,,,,https://www.nike.com/gb/t/zoom-mercurial-vapor-15-elite-xxv-ag-pro-football-boot-XgxnR4/FB8400-060
Nike Zoom SD 4,Athletics Throwing Shoes,1,89.95,,,,https://www.nike.com/gb/t/zoom-sd-4-athletics-throwing-shoes-1gCSC2/685135-102
Nike Air Max Penny,Men's Shoes,1,169.95,,,,https://www.nike.com/gb/t/air-max-penny-shoes-kLshHh/DV7220-100
NikeCourt Air Zoom Vapor Pro 2,Men's Hard Court Tennis Shoes,3,114.95,,,,https://www.nike.com/gb/t/nikecourt-air-zoom-vapor-pro-2-hard-court-tennis-shoes-q4BR1z/DR6191-004
Nike React Vision,Men's Shoes,1,124.95,,,,https://www.nike.com/gb/t/react-vision-shoes-pxl20Z/FJ4231-100
Nike Blazer Low '77 Vintage,Men's Shoes,1,89.95,,,,https://www.nike.com/gb/t/blazer-low-77-vintage-shoes-Lpn0K9/DZ3480-100
Nike Victory Pro 3,Men's Golf Shoes,3,124.95,,,Sustainable Materials,https://www.nike.com/gb/t/victory-pro-3-golf-shoes-9L1vgD/DV6800-140
Nike Air Humara,Men's Shoes,1,144.95,,,Available in SNKRS,https://www.nike.com/gb/launch/r/FJ7098-700
Nike x AMBUSH Dunk High,Shoes,1,164.95,,,,https://www.nike.com/gb/t/ambush-dunk-high-shoes-n3R5b5/CU7544-300
NikeCourt Vapor Lite 2,Men's Hard Court Tennis Shoes,3,74.95,,,,https://www.nike.com/gb/t/nikecourt-vapor-lite-2-hard-court-tennis-shoes-QjZb15/DV2018-001
Nike Phantom GX Pro FG,Firm-Ground Football Boots,3,134.95,,,,https://www.nike.com/gb/t/phantom-gx-pro-fg-football-boot-ZTr24G/DD9463-446
Nike Air Max Plus,Men's Shoes,1,169.95,,,,https://www.nike.com/gb/t/air-max-plus-shoes-pbvVW9/FN3410-100
Nike Zoom Rival 6,Athletics Distance Spikes,1,69.95,,,,https://www.nike.com/gb/t/zoom-rival-6-athletics-distance-spikes-TscMbX/DX7999-700
Nike Flex Experience Run 11,Men's Road Running Shoes,4,64.95,,,Sustainable Materials,https://www.nike.com/gb/t/flex-experience-run-11-road-running-shoes-8jVwqQ/DD9284-002
Nike Air Max 97 OG,Men's Shoes,1,169.95,,,,https://www.nike.com/gb/t/air-max-97-og-shoes-HFwmPF/DM0028-700
Nike Air Max 90 G,Golf Shoe,4,124.95,,,,https://www.nike.com/gb/t/air-max-90-g-golf-shoe-xKFf9s/CU9978-012
Nike Air Max Penny,Men's Shoes,1,169.95,,,,https://www.nike.com/gb/t/air-max-penny-shoes-sgZgZ0/DV7442-001
Nike Zoom Fly 5,Men's Road Running Shoes,3,152.95,,,,https://www.nike.com/gb/t/zoom-fly-5-road-running-shoes-p5TWL7/DM8968-001
Luka 1 'Next Nature',Men's Basketball Shoes,1,109.95,,,Just In,https://www.nike.com/gb/t/luka-1-next-nature-basketball-shoes-FctMG5/DR9830-400
Nike Blazer Mid Pro Club,Men's Shoes,1,99.95,59.97,40% off,,https://www.nike.com/gb/t/blazer-mid-pro-club-shoes-3wCtV7/DQ7673-101
Nike Air Max 95 Next Nature,Men's Shoes,1,169.95,,,Member Access,https://www.nike.com/gb/t/air-max-95-next-nature-shoes-gvrbgT/FJ4826-001
Air Jordan 1 Mid SE,Men's Shoes,1,124.95,,,,https://www.nike.com/gb/t/air-jordan-1-mid-se-shoes-9CNKc6/DZ5329-001
Nike Air Max 97,Men's Shoes,1,179.95,,,,https://www.nike.com/gb/t/air-max-97-shoes-1XDJ41/FN3417-100
"Nike SFB 6"" (15cm approx.) Leather",Men's Boot,2,134.95,,,,https://www.nike.com/gb/t/sfb-6-leather-boot-kf9H4w/862507-002
Nike Renew Ride 3,Men's Road Running Shoes,1,72.95,,,,https://www.nike.com/gb/t/renew-ride-3-road-running-shoes-prSl6s/DC8185-001
Nike Gripknit Phantom GX Elite Fusion FG,Firm-Ground Football Boots,1,234.95,,,,https://www.nike.com/gb/t/gripknit-phantom-gx-elite-fusion-fg-football-boot-FT60rD/DV6971-071
Nike Air Huarache By You,Custom Men's Shoes,6,144.95,,,Customise,https://www.nike.com/gb/u/custom-huarache-run-by-you-10001375/7537913055
Nike Legend Essential 3 Next Nature,Men's Training Shoes,4,59.95,,,Sustainable Materials,https://www.nike.com/gb/t/legend-essential-3-next-nature-training-shoes-T3H2Bg/DM1120-006
Nike Blazer Mid '77 Vintage,Men's Shoes,2,99.95,,,,https://www.nike.com/gb/t/blazer-mid-77-vintage-shoes-d8ZCkw/BQ6806-124
Nike Internationalist By You,Custom Men's Shoe,1,109.95,,,Customise,https://www.nike.com/gb/u/custom-nike-internationalist-low-by-you-10000614/3149430486
Nike Zoom Mercurial Vapor 15 Elite FG,Firm-Ground Football Boots,1,234.95,,,,https://www.nike.com/gb/t/zoom-mercurial-vapor-15-elite-fg-football-boot-8TCZmQ/DR5934-810
Nike Zoom Metcon Turbo 2,Men's Training Shoes,3,144.95,,,,https://www.nike.com/gb/t/zoom-metcon-turbo-2-training-shoes-MmFkT0/DH3392-700
Air Jordan 1 Zoom CMFT 2,Men's Shoes,2,144.95,,,,https://www.nike.com/gb/t/air-jordan-1-zoom-cmft-2-shoes-QhrRf8/DV1307-205
Jordan System.23,Men's Shoes,1,99.95,59.97,40% off,,https://www.nike.com/gb/t/jordan-system23-shoes-SGn7kP/DN4890-001
Nike Metcon 8 AMP,Men's Training Shoes,2,134.95,,,,https://www.nike.com/gb/t/metcon-8-amp-training-shoes-HHFc4c/DV9019-300
Nike Ebernon Mid,Men's Shoes,1,72.95,,,,https://www.nike.com/gb/t/ebernon-mid-shoes-Ng9t73/AQ1773-100
Nike Zoom Rival,Athletics Distance Spikes,1,69.95,,,,https://www.nike.com/gb/t/zoom-rival-athletics-distance-spikes-gv3PL6/DC8725-001
Nike Air Max 97 OG,Men's Shoes,2,164.95,,,,https://www.nike.com/gb/t/air-max-97-og-shoes-Mn2P95/DM0028-002
Nike Dunk High Retro,Men's Shoes,1,109.95,,,Bestseller,https://www.nike.com/gb/t/dunk-high-retro-shoes-WGkPW2/DJ6189-100
Jordan Retro 6 G NRG,Men's Golf Shoes,1,214.95,,,,https://www.nike.com/gb/t/jordan-retro-6-g-nrg-golf-shoes-Kbf3k5/DV6796-116
Cosmic Unity 3,Basketball Shoes,3,144.95,,,Just In,https://www.nike.com/gb/t/cosmic-unity-3-basketball-shoes-KvmwSR/DV2757-200
The Nike Premier 3 TF,Artificial-Turf Football Shoes,1,84.95,,,,https://www.nike.com/gb/t/premier-3-tf-artificial-football-shoes-gr8Ngq/AT6178-010
Nike Legend Essential 3 Next Nature,Men's Training Shoes,1,59.95,47.97,19% off,Sustainable Materials,https://www.nike.com/gb/t/legend-essential-3-next-nature-training-shoes-lTB28r/DM1120-005
Nike Zoom Javelin Elite 3,Athletics Throwing Spikes,1,144.95,,,,https://www.nike.com/gb/t/zoom-javelin-elite-3-athletics-throwing-spikes-VLTZXt/AJ8119-101
Nike Air Max AP,Men's Shoes,2,114.95,,,,https://www.nike.com/gb/t/air-max-ap-shoes-S9Hqf9/CU4826-002
Jordan Retro 6 G,Men's Golf Shoes,1,214.95,,,,https://www.nike.com/gb/t/jordan-retro-6-g-golf-shoes-xM0MsC/DV1376-106
Nike Air Force 1 '07,Men's Shoes,1,114.95,,,,https://www.nike.com/gb/t/air-force-1-07-shoes-dk7zg2/DR8593-100
Air Jordan 1 Mid SE,Men's Shoes,1,124.95,,,,https://www.nike.com/gb/t/air-jordan-1-mid-se-shoes-wHbgsG/DX4332-700
Nike Air Max 97 SE,Men's Shoes,2,169.95,,,,https://www.nike.com/gb/t/air-max-97-se-shoes-7Lhv9H/DV7421-001
Nike LeBron IX,Men's Shoes,1,204.95,,,,https://www.nike.com/gb/t/lebron-ix-shoes-Nl4LDm/DJ3908-600
Nike Gripknit Phantom GX Elite AG-Pro,Artificial-Grass Football Boot,2,234.95,,,,https://www.nike.com/gb/t/gripknit-phantom-gx-elite-ag-pro-football-boot-n5HQnP/DD9441-446
Nike HyperSpeed Court,Women's Volleyball Shoes,1,76.95,,,,https://www.nike.com/gb/t/hyperspeed-court-volleyball-shoes-h9p1SV/CI2964-010
Nike Air Force 1 Mid '07,Men's Shoe,2,114.95,,,,https://www.nike.com/gb/t/air-force-1-mid-07-shoe-wMChkP/CW2289-001
Nike Zoom Mercurial Vapor 15 Academy MG,Multi-Ground Football Boots,4,74.95,,,Sustainable Materials,https://www.nike.com/gb/t/zoom-mercurial-vapor-15-academy-mg-multi-ground-football-boots-F4G6Jq/DJ5631-146
Nike Zoom Mercurial Dream Speed Vapor 15 Elite AG-Pro,Artificial-Grass Football Boot,1,244.95,,,,https://www.nike.com/gb/t/zoom-mercurial-dream-speed-vapor-15-elite-ag-pro-football-boot-PdkdHf/DV2418-405
Air Jordan 7 Retro,Men's Shoes,1,179.95,,,,https://www.nike.com/gb/t/air-jordan-7-retro-shoes-bCxXq4/CU9307-106
Nike SB Force 58 Premium,Skate Shoe,1,72.95,,,,https://www.nike.com/gb/t/sb-force-58-skate-shoe-SMxmRb/DH7505-101
Nike Zoom Mercurial Vapor 15 Elite FG By You,Custom Firm-Ground Football Boot,3,259.95,,,Customise,https://www.nike.com/gb/u/custom-nike-zoom-mercurial-vapor-15-elite-by-you-10001354/7932657889
Nike Court Vision Low Next Nature,Men's Shoes,3,69.95,,,Sustainable Materials,https://www.nike.com/gb/t/court-vision-low-next-nature-shoes-g53MlL/DH2987-002
Nike Zoom Mercurial Dream Speed Superfly 9 Elite AG-Pro,Artificial-Grass Football Boot,1,259.95,,,,https://www.nike.com/gb/t/zoom-mercurial-dream-speed-superfly-9-elite-ag-pro-football-boot-ghxHc6/DV2416-405
Nike Phantom GX Academy IC,Indoor Court Football Shoes,2,74.95,,,Sustainable Materials,https://www.nike.com/gb/t/phantom-gx-academy-ic-indoor-court-football-shoes-2BpP80/DD9475-446
Nike Tanjun FlyEase,Men's Shoes,2,69.95,,,Sustainable Materials,https://www.nike.com/gb/t/tanjun-flyease-shoes-Fg33h1/DV7775-001
Jordan Retro 6 G NRG,Men's Golf Shoes,1,214.95,,,,https://www.nike.com/gb/t/jordan-retro-6-g-nrg-golf-shoes-fbHMDM/FD0204-001
Zion 1 'ZNA',Basketball Shoe,1,104.95,83.97,19% off,,https://www.nike.com/gb/t/zion-1-zna-basketball-shoe-mq4RFS/DA3130-400
Nike SB Blazer Low x Doyenne,Skate Shoes,1,74.95,,,,https://www.nike.com/gb/t/sb-blazer-low-doyenne-skate-shoes-Jbm4ch/DZ3406-100
Nike Air Force 1 Mid QS,Men's Shoes,2,124.95,,,,https://www.nike.com/gb/t/air-force-1-mid-qs-shoes-XKvsCW/DH5623-100
Nike Revolution 6 FlyEase,Men's Easy On/Off Road Running Shoes,1,59.95,,,Sustainable Materials,https://www.nike.com/gb/t/revolution-6-flyease-easy-on-off-road-running-shoes-SNbtsR/DC8992-003
Nike React HyperSet,Indoor Court Shoe,2,118.95,,,,https://www.nike.com/gb/t/react-hyperset-indoor-court-shoe-r5Tz28/CI2955-010
Nike Zoom LeBron 2,Men's Shoes,1,189.95,,,,https://www.nike.com/gb/t/zoom-lebron-2-shoes-F90p1x/DR0826-100
Nike Renew Elevate 3,Basketball Shoes,2,74.95,,,,https://www.nike.com/gb/t/renew-elevate-3-basketball-shoes-JdSJX3/DD9304-007
Jordan Pro Strong,Men's Shoes,3,134.95,,,,https://www.nike.com/gb/t/jordan-pro-strong-shoes-l5FWS9/DC8418-105
Nike Terminator High Be True,Shoes,1,114.95,,,Just In,https://www.nike.com/gb/t/terminator-high-be-true-shoes-qBnBLw/FD8638-100
Nike Air Huarache,Men's Shoes,1,114.95,,,Just In,https://www.nike.com/gb/t/air-huarache-shoes-qxXxT9/FB3259-001
Nike Air Max 97,Men's Shoes,1,169.95,,,,https://www.nike.com/gb/t/air-max-97-shoes-S3mQdK/DX4235-001
Nike Air Max 90 By Lincoln,Custom Men's Shoes,1,152.95,,,Customise,https://www.nike.com/gb/u/custom-nike-air-max-90-by-you-10001331/9788810011
KD Trey 5 X,Basketball Shoes,2,89.95,,,,https://www.nike.com/gb/t/kd-trey-5-basketball-shoes-480DJB/DD9538-101
Nike MC Trainer 2,Men's Training Shoes,1,64.95,45.47,29% off,,https://www.nike.com/gb/t/mc-trainer-2-training-shoes-sjQQcT/DM0823-003
Nike SB Zoom Blazer Mid,Skate Shoe,2,79.95,,,,https://www.nike.com/gb/t/sb-zoom-blazer-mid-skate-shoe-VR988H/864349-110
Nike SB Zoom Blazer Mid,Skate Shoes,1,79.95,,,,https://www.nike.com/gb/t/sb-zoom-blazer-mid-skate-shoes-Kglg38/FD0731-400
Nike Terminator High Premium,Men's Shoes,1,124.95,,,,https://www.nike.com/gb/t/terminator-high-shoes-NLknl0/FD0394-030
Air Jordan Legacy 312 Low,Men's Shoes,5,124.95,,,,https://www.nike.com/gb/t/air-jordan-legacy-312-low-shoes-GbnrhZ/CD7069-104
Nike Air Max 270,Men's Shoes,1,144.95,,,,https://www.nike.com/gb/t/air-max-270-shoes-MJxJfF/FJ4230-100
Nike React Tiempo Legend 9 Pro IC,Indoor/Court Football Shoe,1,109.95,,,,https://www.nike.com/gb/t/react-tiempo-legend-9-pro-ic-indoor-court-football-shoe-k51M65/DA1183-174
Nike Terminator High,Men's Shoes,1,124.95,,,,https://www.nike.com/gb/t/terminator-high-shoes-hZc7wH/FD0650-100
Nike ISPA Link,Men's Shoes,4,202.95,,,,https://www.nike.com/gb/t/ispa-link-shoes-h9RqkD/CN2269-001
Nike Streakfly,Road Racing Shoes,1,144.95,,,,https://www.nike.com/gb/t/streakfly-road-racing-shoes-5B4DMx/DJ6566-600
Nike React Phantom GX Pro TF,Turf Football Shoes,2,114.95,,,,https://www.nike.com/gb/t/react-phantom-gx-pro-tf-football-shoes-FPMSXk/DD9466-010
Jordan Post,Men's Slides,3,27.95,,,,https://www.nike.com/gb/t/jordan-post-slides-gQFKj0/DX5575-100
Nike Defy All Day,Men's Training Shoe,2,59.95,,,,https://www.nike.com/gb/t/defy-all-day-training-shoe-s1cPct/DJ1196-001
Air Jordan 11 Retro,Men's Shoes,1,179.95,,,Available in SNKRS,https://www.nike.com/gb/launch/r/CT8012-116
Nike Air Huarache,Men's Shoes,1,114.95,,,,https://www.nike.com/gb/t/air-huarache-shoes-bv963B/DX4259-100
Nike x sacai Blazer Low,Shoes,2,109.95,,,,https://www.nike.com/gb/t/sacai-blazer-low-shoes-B9SgP7/DD1877-200
Nike Air VaporMax Plus,Men's Shoes,2,202.95,,,Bestseller,https://www.nike.com/gb/t/air-vapormax-plus-shoes-zDPGWN/924453-100
Nike Dunk High Retro,Men's Shoes,1,109.95,,,,https://www.nike.com/gb/t/dunk-high-retro-shoes-2rFPk6/DV0829-300
Nike Romaleos 4 SE,Training Shoes,1,178.95,,,,https://www.nike.com/gb/t/romaleos-4-se-training-shoes-W9bSH7/CN9662-100
Nike Gripknit Phantom GX Elite Dynamic Fit Fusion FG,Firm-Ground Football Boots,1,249.95,,,,https://www.nike.com/gb/t/gripknit-phantom-gx-elite-dynamic-fit-fusion-fg-football-boots-LhCww0/DV6973-071
Nike Pegasus FlyEase SE,Men's Easy On/Off Road Running Shoes,1,114.95,,,,https://www.nike.com/gb/t/pegasus-flyease-se-easy-on-off-road-running-shoes-XvXvh1/FB7181-001
Nike ISPA Sense Flyknit,Men's Shoes,1,179.95,,,Sustainable Materials,https://www.nike.com/gb/t/ispa-sense-flyknit-shoes-3PFpc3/CW3203-002
Nike Air Flight Lite Mid,Men's Shoe,1,119.95,,,,https://www.nike.com/gb/t/air-flight-lite-mid-shoe-QvgVfS/DJ2518-100
Nike MC Trainer 2,Men's Training Shoes,2,69.95,,,,https://www.nike.com/gb/t/mc-trainer-2-training-shoes-4Qgc4f/DM0823-402
NikeCourt Zoom Pro,Men's Hard Court Tennis Shoes,3,99.95,,,,https://www.nike.com/gb/t/nikecourt-zoom-pro-hard-court-tennis-shoes-gJkKdq/DV3278-003
Nike Terminator High SE,Men's Shoes,1,124.95,,,,https://www.nike.com/gb/t/terminator-high-se-shoes-L8tCZv/FD0651-001
Nike SB Chron 2,Skate Shoe,1,64.95,45.47,29% off,,https://www.nike.com/gb/t/sb-chron-2-skate-shoe-VdBzLw/DM3493-002
Nike Air Force 1 Low Unlocked By You,Custom Men's Shoes,8,144.95,,,Customise,https://www.nike.com/gb/u/custom-air-force-1-low-unlocked-by-you-10001514/2685111370
Nike SB Dunk High x Run The Jewels,Men's Shoes,1,114.95,,,Sold Out,https://www.nike.com/gb/launch/r/DX4356-600
Nike Air Force 1 Low Retro,Men's Shoes,2,134.95,,,,https://www.nike.com/gb/t/air-force-1-low-retro-shoes-qkwv1h/FD7039-600
LeBron NXXT Gen,Basketball Shoes,2,152.95,,,Just In,https://www.nike.com/gb/t/lebron-nxxt-gen-basketball-shoes-3HDjJd/DR8784-300
Nike Gripknit Phantom GX Elite FG SE,Firm-Ground Football Boot,1,244.95,,,,https://www.nike.com/gb/t/gripknit-phantom-gx-elite-fg-se-football-boot-057xbp/FD3069-860
Nike Dunk High Retro,Men's Shoe,1,109.95,,,Bestseller,https://www.nike.com/gb/t/dunk-high-retro-shoe-PN8S8F/DD1399-105
Nike Air Dunk Jumbo,Men's Shoes,1,109.95,,,,https://www.nike.com/gb/t/air-dunk-jumbo-shoes-V3fRVC/DV0821-001
Nike Air Max Excee,Men's Shoe,1,109.95,,,,https://www.nike.com/gb/t/air-max-excee-shoe-m97s9x/CD4165-100
Nike Air Force 1 Low Retro,Men's Shoes,1,134.95,,,,https://www.nike.com/gb/t/air-force-1-low-retro-shoes-HgSSHt/DZ6755-100
Nike Air Max Plus 3,Men's Shoes,1,169.95,,,,https://www.nike.com/gb/t/air-max-plus-3-shoes-RTWxs7/CK6715-101
Nike Air Max Penny,Men's Shoes,1,164.95,98.97,40% off,,https://www.nike.com/gb/t/air-max-penny-shoes-CM81j9/DN2487-002
Nike Air Max Scorpion Flyknit SE,Men's Shoes,1,224.95,,,Sustainable Materials,https://www.nike.com/gb/t/air-max-scorpion-flyknit-se-shoes-S2DrHz/DX4768-400
Nike Air Max SC,Men's Shoes,2,79.95,,,,https://www.nike.com/gb/t/air-max-sc-shoes-fdzWNV/CW4555-112
Nike Air Trainer 1,Men's Shoes,1,114.95,,,,https://www.nike.com/gb/t/air-trainer-1-shoes-9PnkD1/DR9997-100
Nike Kwondo 1 x PEACEMINUSONE,Shoes,1,164.95,,,Sold Out,https://www.nike.com/gb/launch/r/DH2482-101
NikeCourt Vapor Lite,Men's Hard Court Tennis Shoes,1,64.95,,,,https://www.nike.com/gb/t/nikecourt-vapor-lite-hard-court-tennis-shoes-1LlTpc/DC3432-008
Air Jordan 12 Low,Golf Shoes,2,199.95,159.97,19% off,,https://www.nike.com/gb/t/air-jordan-12-low-golf-shoes-dwJ2zj/DH4120-161
NikeCourt Zoom NXT,Men's Hard Court Tennis Shoes,1,134.95,,,,https://www.nike.com/gb/t/nikecourt-zoom-nxt-hard-court-tennis-shoes-7Gslzx/DH0219-402
Nike Zoom Mercurial Vapor 15 Elite SG-Pro Anti-Clog Traction,Soft-Ground Football Boot,1,244.95,,,,https://www.nike.com/gb/t/zoom-mercurial-vapor-15-elite-sg-pro-anti-clog-traction-football-boots-jGpgwr/DR5937-810
Nike SB Chron 2,Skate Shoe,2,64.95,,,,https://www.nike.com/gb/t/sb-chron-2-skate-shoe-kcRsbl/DM3493-001
Nike Zoom Rival,Athletics Distance Spikes,1,69.95,62.97,,,https://www.nike.com/gb/t/zoom-rival-athletics-distance-spikes-RKjcxT/DC8725-400
Nike ACG Air Zoom Gaiadome GORE-TEX,Shoes,2,204.95,,,,https://www.nike.com/gb/t/acg-air-zoom-gaiadome-gore-tex-shoes-zKqnVm/DD2858-400
Nike Romaleos 4 SE,Weightlifting Shoe,1,178.95,,,,https://www.nike.com/gb/t/romaleos-4-se-weightlifting-shoe-9FZ3gr/DJ4487-121
Nike ACG Air Mada,Men's Shoes,1,124.95,74.97,40% off,,https://www.nike.com/gb/t/acg-air-mada-shoes-LLh1mX/DO9332-300
Nike Air Max Plus,Men's Shoes,1,169.95,,,,https://www.nike.com/gb/t/air-max-plus-shoes-c92ll8/DX4326-001
Nike SB Dunk High x Run The Jewels,Men's Shoes,1,114.95,,,Sold Out,https://www.nike.com/gb/launch/r/DX4356-600
Nike Air Force 1 Low Retro,Men's Shoes,2,134.95,,,,https://www.nike.com/gb/t/air-force-1-low-retro-shoes-qkwv1h/FD7039-600
LeBron NXXT Gen,Basketball Shoes,2,152.95,,,Just In,https://www.nike.com/gb/t/lebron-nxxt-gen-basketball-shoes-3HDjJd/DR8784-300
Nike Gripknit Phantom GX Elite FG SE,Firm-Ground Football Boot,1,244.95,,,,https://www.nike.com/gb/t/gripknit-phantom-gx-elite-fg-se-football-boot-057xbp/FD3069-860
Nike Dunk High Retro,Men's Shoe,1,109.95,,,Bestseller,https://www.nike.com/gb/t/dunk-high-retro-shoe-PN8S8F/DD1399-105
Nike Air Dunk Jumbo,Men's Shoes,1,109.95,,,,https://www.nike.com/gb/t/air-dunk-jumbo-shoes-V3fRVC/DV0821-001
Nike Air Max Excee,Men's Shoe,1,109.95,,,,https://www.nike.com/gb/t/air-max-excee-shoe-m97s9x/CD4165-100
Nike Air Force 1 Low Retro,Men's Shoes,1,134.95,,,,https://www.nike.com/gb/t/air-force-1-low-retro-shoes-HgSSHt/DZ6755-100
Nike Air Max Plus 3,Men's Shoes,1,169.95,,,,https://www.nike.com/gb/t/air-max-plus-3-shoes-RTWxs7/CK6715-101
Nike Air Max Penny,Men's Shoes,1,164.95,98.97,40% off,,https://www.nike.com/gb/t/air-max-penny-shoes-CM81j9/DN2487-002
Nike Air Max Scorpion Flyknit SE,Men's Shoes,1,224.95,,,Sustainable Materials,https://www.nike.com/gb/t/air-max-scorpion-flyknit-se-shoes-S2DrHz/DX4768-400
Nike Air Max SC,Men's Shoes,2,79.95,,,,https://www.nike.com/gb/t/air-max-sc-shoes-fdzWNV/CW4555-112
Nike Air Trainer 1,Men's Shoes,1,114.95,,,,https://www.nike.com/gb/t/air-trainer-1-shoes-9PnkD1/DR9997-100
Nike Kwondo 1 x PEACEMINUSONE,Shoes,1,164.95,,,Sold Out,https://www.nike.com/gb/launch/r/DH2482-101
NikeCourt Vapor Lite,Men's Hard Court Tennis Shoes,1,64.95,,,,https://www.nike.com/gb/t/nikecourt-vapor-lite-hard-court-tennis-shoes-1LlTpc/DC3432-008
Air Jordan 12 Low,Golf Shoes,2,199.95,159.97,19% off,,https://www.nike.com/gb/t/air-jordan-12-low-golf-shoes-dwJ2zj/DH4120-161
NikeCourt Zoom NXT,Men's Hard Court Tennis Shoes,1,134.95,,,,https://www.nike.com/gb/t/nikecourt-zoom-nxt-hard-court-tennis-shoes-7Gslzx/DH0219-402
Nike Zoom Mercurial Vapor 15 Elite SG-Pro Anti-Clog Traction,Soft-Ground Football Boot,1,244.95,,,,https://www.nike.com/gb/t/zoom-mercurial-vapor-15-elite-sg-pro-anti-clog-traction-football-boots-jGpgwr/DR5937-810
Nike SB Chron 2,Skate Shoe,2,64.95,,,,https://www.nike.com/gb/t/sb-chron-2-skate-shoe-kcRsbl/DM3493-001
Nike Zoom Rival,Athletics Distance Spikes,1,69.95,62.97,,,https://www.nike.com/gb/t/zoom-rival-athletics-distance-spikes-RKjcxT/DC8725-400
Nike ACG Air Zoom Gaiadome GORE-TEX,Shoes,2,204.95,,,,https://www.nike.com/gb/t/acg-air-zoom-gaiadome-gore-tex-shoes-zKqnVm/DD2858-400
Nike Romaleos 4 SE,Weightlifting Shoe,1,178.95,,,,https://www.nike.com/gb/t/romaleos-4-se-weightlifting-shoe-9FZ3gr/DJ4487-121
Nike ACG Air Mada,Men's Shoes,1,124.95,74.97,40% off,,https://www.nike.com/gb/t/acg-air-mada-shoes-LLh1mX/DO9332-300
Nike Air Max Plus,Men's Shoes,1,169.95,,,,https://www.nike.com/gb/t/air-max-plus-shoes-c92ll8/DX4326-001
Nike React HyperSet LE,Indoor Court Shoes,1,117.95,,,,https://www.nike.com/gb/t/react-hyperset-le-indoor-court-shoes-R5QPzX/DJ4473-170
"Nike Air Force 1 '07 ""Feel Free, Let's Talk""",Men's Shoes,1,134.95,,,,https://www.nike.com/gb/t/air-force-1-07-feel-free-lets-talk-shoes-Ffmr0f/DX2667-600
Nike Dunk High Retro,Men's Shoes,1,114.95,,,,https://www.nike.com/gb/t/dunk-high-retro-shoes-tnQ3nB/FD0668-001
Nike Air Force 1 '07 Premium,Men's Shoes,2,124.95,,,Bestseller,https://www.nike.com/gb/t/air-force-1-07-shoes-Fs2xVM/DQ7664-100
Nike Dunk Low Retro,Men's Shoes,1,99.95,,,Just In,https://www.nike.com/gb/t/dunk-low-retro-shoes-VZLdGK/DV0833-100
Nike x MMW 005,Men's Slides,1,169.95,,,Available in SNKRS,https://www.nike.com/gb/launch/r/DH1258-003
Nike Air Max Plus SE,Men's Shoes,1,169.95,,,,https://www.nike.com/gb/t/air-max-plus-se-shoes-zhRF7n/DV7665-002
Nike Alphafly 2,Men's Road Racing Shoes,2,289.95,,,Bestseller,https://www.nike.com/gb/t/alphafly-2-road-racing-shoes-fvDSdT/DZ4784-304
Nike Air Max 97 SE,Men's Shoes,1,179.95,,,,https://www.nike.com/gb/t/air-max-97-se-shoes-Cd8fsS/DV2619-100
LeBron Witness 7,Basketball Shoes,4,104.95,,,,https://www.nike.com/gb/t/lebron-witness-7-basketball-shoes-lLTcQM/DM1123-501
Nike Air Kukini SE,Men's Shoes,2,124.95,56.47,54% off,,https://www.nike.com/gb/t/air-kukini-se-shoes-63Q8cL/DV1894-400
LeBron XX 'Four Horsemen',Basketball Shoes,1,199.95,,,,https://www.nike.com/gb/t/lebron-xx-four-horsemen-basketball-shoes-knVmxd/DV9090-200
Nike Air Max 97,Men's Shoes,1,164.95,,,,https://www.nike.com/gb/t/air-max-97-shoes-pV99Q2/DQ8574-001
Nike Air Max 95,Men's Shoes,1,164.95,,,,https://www.nike.com/gb/t/air-max-95-shoes-dFKb78/DZ4503-200
Nike Air Max 95 Ultra,Men's Shoes,2,169.95,,,,https://www.nike.com/gb/t/air-max-95-ultra-shoes-FCR88M/FD0662-001
Nike Air Penny 2 x St端ssy,Men's Shoes,1,179.95,,,,https://www.nike.com/gb/t/air-penny-2-stussy-shoes-tJl4jK/DQ5674-001
Nike Air Zoom Infinity Tour NEXT%,Men's Golf Shoes,1,159.95,119.97,24% off,,https://www.nike.com/gb/t/air-zoom-infinity-tour-next-golf-shoes-64v3xb/DC5221-060
Air Jordan 1 Zoom CMFT,Shoes,1,144.95,,,,https://www.nike.com/gb/t/air-jordan-1-zoom-cmft-shoes-hJnJhx/CT0978-201
ACG Air Deschutz+,Sandals,3,72.95,,,,https://www.nike.com/gb/t/acg-air-deschutz-sandals-wMkqX3/DO8951-300
Nike Air Zoom Infinity Tour NEXT%,Men's Golf Shoes,4,159.95,,,,https://www.nike.com/gb/t/air-zoom-infinity-tour-next-golf-shoes-dH5DtX/DC5221-041
Nike React Tiempo Legend 9 Pro TF,Turf Football Shoe,1,99.95,,,,https://www.nike.com/gb/t/react-tiempo-legend-9-pro-tf-football-shoe-mhWxPC/DA1192-001
Nike Pole Vault Elite,Athletics Jumping Spikes,1,119.95,,,,https://www.nike.com/gb/t/pole-vault-elite-athletics-jumping-spikes-vXMQ9F/AA1204-101
Nike Zoom Mercurial Superfly 9 Academy XXV MG,Multi-Ground Football Boot,1,84.95,,,,https://www.nike.com/gb/t/zoom-mercurial-superfly-9-academy-xxv-mg-multi-ground-football-boot-06Hwrm/FB8402-060
Nike Air More Uptempo '96,Men's Shoes,1,164.95,,,,https://www.nike.com/gb/t/air-more-uptempo-96-shoes-QHzxMZ/FB3021-001
NikeCourt Vapor Lite 2,Men's Clay Tennis Shoes,3,74.95,,,,https://www.nike.com/gb/t/nikecourt-vapor-lite-2-clay-tennis-shoes-l2ZqgB/DV2016-003
Nike x Billie Eilish Air Force 1 High '07,Shoes,2,152.95,,,,https://www.nike.com/gb/t/billie-eilish-air-force-1-high-07-shoes-kTSN8S/DM7926-300
Nike Air Force 1 '07,Men's Shoes,1,114.95,,,,https://www.nike.com/gb/t/air-force-1-07-shoes-QFXbSs/FD0654-100
Air Jordan XXXVII Low,Basketball Shoes,1,179.95,,,Just In,https://www.nike.com/gb/t/air-jordan-xxxvii-low-basketball-shoes-DMv7Kb/DX5568-800
Nike Air Force 1 '07 LX,Men's Shoes,1,109.95,,,,https://www.nike.com/gb/t/air-force-1-07-lx-shoes-4xBcXG/DC8894-100
Nike Gripknit Phantom GX Elite Dynamic Fit AG-Pro,Artificial-Grass Football Boot,1,249.95,,,,https://www.nike.com/gb/t/gripknit-phantom-gx-elite-dynamic-fit-ag-pro-football-boot-3NTc7d/DD9442-446
Nike Air Force 1 '07 LX,Men's Shoes,1,114.95,,,,https://www.nike.com/gb/t/air-force-1-07-lx-shoes-m9JMHV/DV7183-100
Zion 2 x Naruto,Men's Basketball Shoes,1,124.95,,,,https://www.nike.com/gb/t/zion-2-naruto-basketball-shoes-FkvZRN/FB1628-087
Nike Air Force 1 Mid '07 LX,Men's Shoes,1,124.95,,,,https://www.nike.com/gb/t/air-force-1-mid-07-lx-shoes-fC09Sm/DV7585-200
Nike Phantom GX Academy SG-Pro Anti-Clog Traction,Soft-Ground Football Boot,1,79.95,,,Sustainable Materials,https://www.nike.com/gb/t/phantom-gx-academy-sg-pro-anti-clog-traction-football-boot-86r89f/DD9471-446
Nike SB Ishod Wair Premium,Skate Shoes,2,99.95,,,,https://www.nike.com/gb/t/sb-ishod-wair-skate-shoes-RG2HJB/DZ5648-101
Nike Air Max 90 G,Golf Shoes,2,124.95,,,,https://www.nike.com/gb/t/air-max-90-g-golf-shoes-PMstsD/DX5999-162
Nike Air Max 1 '86 OG G,Men's Golf Shoes,1,152.95,,,Member Access,https://www.nike.com/gb/t/air-max-1-86-og-g-golf-shoes-hqFRm5/DV1403-160
Nike Phantom Luna Elite FG,Firm-Ground Football Boot,1,254.95,,,Coming Soon,https://www.nike.com/gb/t/phantom-luna-elite-fg-football-boot-QtMBWk/FN8405-101
Nike Court Vision Low,Men's Shoes,1,69.95,,,,https://www.nike.com/gb/t/court-vision-low-shoes-lqKQgb/FN4019-001
Nike React Infinity 3 By You,Custom Men's Road Running Shoes,4,179.95,,,Customise,https://www.nike.com/gb/u/custom-nike-react-infinity-run-3-fk-by-you-10001488/3096661581
Nike Moc Flow x UNDERCOVER,Men's Shoes,2,144.95,,,,https://www.nike.com/gb/t/moc-flow-undercover-shoes-TfRsrL/DV5593-002
Nike ACG Mountain Fly Low GORE-TEX SE,Men's Shoes,1,164.95,90.97,44% off,Just In,https://www.nike.com/gb/t/acg-mountain-fly-low-gore-tex-se-shoes-nmJppw/DD2861-002
Nike Air Max 1 '86 OG G NRG,Men's Golf Shoes,1,169.95,,,,https://www.nike.com/gb/t/air-max-1-86-og-g-nrg-golf-shoes-BZRwt1/DX8437-106
Nike Air Max 1 '86 OG G,Men's Golf Shoes,1,152.95,,,,https://www.nike.com/gb/t/air-max-1-86-og-g-golf-shoes-5rFTjn/DV1403-010
Nike Air Max 90 By You,Custom Men's Shoes,4,152.95,,,Customise,https://www.nike.com/gb/u/custom-nike-air-max-90-by-you-10001308/9396282440
Nike Air Max Plus 3,Men's Shoes,1,169.95,,,,https://www.nike.com/gb/t/air-max-plus-3-shoes-qS4tPZ/FN3411-100
Air Jordan XXXVII,Basketball Shoes,2,167.95,,,,https://www.nike.com/gb/t/air-jordan-xxxvii-basketball-shoes-DF21cl/DD6958-060
Jordan Play,Men's Slides,2,37.95,,,,https://www.nike.com/gb/t/jordan-play-slides-Z0HKbG/DC9835-400
Air Jordan 1 Mid SE,Men's Shoes,1,124.95,,,Just In,https://www.nike.com/gb/t/air-jordan-1-mid-se-shoes-38D2wJ/DX4332-800
Nike Air Max Plus OG,Men's Shoes,1,169.95,,,,https://www.nike.com/gb/t/air-max-plus-og-shoes-xV03SK/DX0755-600
Nike x St端ssy Air Max 2013,Men's Shoes,1,189.95,,,Just In,https://www.nike.com/gb/t/stussy-air-max-2013-shoes-Sw5Bgf/DM6447-200
Nike Air Pegasus '89,Men's Shoes,1,109.95,,,,https://www.nike.com/gb/t/air-pegasus-89-shoes-cw9bwj/FN3414-100
Nike Air VaporMax 2021 Flyknit SE,Men's Shoes,1,204.95,,,Sustainable Materials,https://www.nike.com/gb/t/air-vapormax-2021-flyknit-se-shoes-Q7bvVn/DQ8963-101
Nike Air Max 1 '86 OG G NRG,Men's Golf Shoes,1,169.95,,,Coming Soon,https://www.nike.com/gb/t/air-max-1-86-og-g-nrg-golf-shoes-cWl2dj/DX8436-103
Nike Air Max 95,Men's Shoes,2,179.95,,,Available in SNKRS,https://www.nike.com/gb/launch/r/FN7273-100
Zoom Freak 4 'Cookies and Cream',Basketball Shoes,3,114.95,,,,https://www.nike.com/gb/t/zoom-freak-4-cookies-and-cream-basketball-shoes-8Hdw9M/DJ6149-001
Jordan Series ES,Men's Shoes,1,79.95,44.97,43% off,,https://www.nike.com/gb/t/jordan-series-es-shoes-zG1SVc/DN1856-063
LeBron XX,Basketball Shoes,1,199.95,,,,https://www.nike.com/gb/t/lebron-xx-basketball-shoes-R8Z42N/DV1193-600
Nike SB Zoom Blazer Mid Premium Plus,Skate Shoes,1,99.95,59.97,40% off,,https://www.nike.com/gb/t/sb-zoom-blazer-mid-plus-skate-shoes-drLqKh/DR9144-001
Nike Air Force 1 '07 LV8 EMB,Men's Shoes,1,114.95,,,,https://www.nike.com/gb/t/air-force-1-07-lv8-emb-shoes-v3f00M/DV0787-100
Nike LeBron 9 Low,Men's Shoes,1,169.95,,,,https://www.nike.com/gb/t/lebron-9-low-shoes-XVC7M0/DQ6400-300
Nike Air More Uptempo,Men's Slides,1,79.95,,,,https://www.nike.com/gb/t/air-more-uptempo-slides-lbd8Dm/DV2132-001
Nike Phantom GX Club MG,Multi-ground Football Boots,2,54.95,,,Sustainable Materials,https://www.nike.com/gb/t/phantom-gx-club-mg-multi-ground-football-boots-tJS0Sv/DD9483-446
Air Jordan 11 Retro Low IE,Men's Shoes,1,164.95,82.47,50% off,,https://www.nike.com/gb/t/air-jordan-11-retro-low-ie-shoes-zH9dKW/919712-102
Air Jordan 11 Retro Low,Men's Shoes,2,169.95,,,,https://www.nike.com/gb/t/air-jordan-11-retro-low-shoes-5sLSHp/AV2187-001
Nike Dunk High Retro,Men's Shoes,1,114.95,,,,https://www.nike.com/gb/t/dunk-high-retro-shoes-qvm427/FD9759-100
Giannis Immortality 2,Basketball Shoes,2,74.95,,,,https://www.nike.com/gb/t/giannis-immortality-2-basketball-shoes-fV94xn/DM0825-101
Nike Air Max 90 LTR,Men's Shoes,1,134.95,,,Member Access,https://www.nike.com/gb/t/air-max-90-ltr-shoes-3Qwk9J/FD0789-600
Nike Zoom Mercurial Vapor 15 Academy IC,Indoor Court Football Shoes,1,74.95,,,Sustainable Materials,https://www.nike.com/gb/t/zoom-mercurial-vapor-15-academy-ic-indoor-court-football-shoes-KNwtK8/DJ5633-146
Nike GT Cut 2 'Devin Booker',Men's Basketball Shoes,2,164.95,,,Just In,https://www.nike.com/gb/t/gt-cut-2-devin-booker-basketball-shoes-wF1LRK/DJ6015-301
Jordan 6 Rings,Men's Shoes,3,164.95,,,,https://www.nike.com/gb/t/jordan-6-rings-shoes-2Mk97F/322992-142
Nike Blazer Mid '77 SE,Men's Shoes,1,99.95,,,,https://www.nike.com/gb/t/blazer-mid-77-se-shoes-L9l7wW/DV0797-100
Air Jordan 1 Mid SE,Men's Shoes,1,124.95,,,Just In,https://www.nike.com/gb/t/air-jordan-1-mid-se-shoes-38D2wJ/DX4332-800
Nike Air Max Plus OG,Men's Shoes,1,169.95,,,,https://www.nike.com/gb/t/air-max-plus-og-shoes-xV03SK/DX0755-600
Nike x St端ssy Air Max 2013,Men's Shoes,1,189.95,,,Just In,https://www.nike.com/gb/t/stussy-air-max-2013-shoes-Sw5Bgf/DM6447-200
Nike Air Pegasus '89,Men's Shoes,1,109.95,,,,https://www.nike.com/gb/t/air-pegasus-89-shoes-cw9bwj/FN3414-100
Nike Air VaporMax 2021 Flyknit SE,Men's Shoes,1,204.95,,,Sustainable Materials,https://www.nike.com/gb/t/air-vapormax-2021-flyknit-se-shoes-Q7bvVn/DQ8963-101
Nike Air Max 1 '86 OG G NRG,Men's Golf Shoes,1,169.95,,,Coming Soon,https://www.nike.com/gb/t/air-max-1-86-og-g-nrg-golf-shoes-cWl2dj/DX8436-103
Nike Air Max 95,Men's Shoes,2,179.95,,,Available in SNKRS,https://www.nike.com/gb/launch/r/FN7273-100
Zoom Freak 4 'Cookies and Cream',Basketball Shoes,3,114.95,,,,https://www.nike.com/gb/t/zoom-freak-4-cookies-and-cream-basketball-shoes-8Hdw9M/DJ6149-001
Jordan Series ES,Men's Shoes,1,79.95,44.97,43% off,,https://www.nike.com/gb/t/jordan-series-es-shoes-zG1SVc/DN1856-063
LeBron XX,Basketball Shoes,1,199.95,,,,https://www.nike.com/gb/t/lebron-xx-basketball-shoes-R8Z42N/DV1193-600
Nike SB Zoom Blazer Mid Premium Plus,Skate Shoes,1,99.95,59.97,40% off,,https://www.nike.com/gb/t/sb-zoom-blazer-mid-plus-skate-shoes-drLqKh/DR9144-001
Nike Air Force 1 '07 LV8 EMB,Men's Shoes,1,114.95,,,,https://www.nike.com/gb/t/air-force-1-07-lv8-emb-shoes-v3f00M/DV0787-100
Nike LeBron 9 Low,Men's Shoes,1,169.95,,,,https://www.nike.com/gb/t/lebron-9-low-shoes-XVC7M0/DQ6400-300
Nike Air More Uptempo,Men's Slides,1,79.95,,,,https://www.nike.com/gb/t/air-more-uptempo-slides-lbd8Dm/DV2132-001
Nike Phantom GX Club MG,Multi-ground Football Boots,2,54.95,,,Sustainable Materials,https://www.nike.com/gb/t/phantom-gx-club-mg-multi-ground-football-boots-tJS0Sv/DD9483-446
Air Jordan 11 Retro Low IE,Men's Shoes,1,164.95,82.47,50% off,,https://www.nike.com/gb/t/air-jordan-11-retro-low-ie-shoes-zH9dKW/919712-102
Air Jordan 11 Retro Low,Men's Shoes,2,169.95,,,,https://www.nike.com/gb/t/air-jordan-11-retro-low-shoes-5sLSHp/AV2187-001
Nike Dunk High Retro,Men's Shoes,1,114.95,,,,https://www.nike.com/gb/t/dunk-high-retro-shoes-qvm427/FD9759-100
Giannis Immortality 2,Basketball Shoes,2,74.95,,,,https://www.nike.com/gb/t/giannis-immortality-2-basketball-shoes-fV94xn/DM0825-101
Nike Air Max 90 LTR,Men's Shoes,1,134.95,,,Member Access,https://www.nike.com/gb/t/air-max-90-ltr-shoes-3Qwk9J/FD0789-600
Nike Zoom Mercurial Vapor 15 Academy IC,Indoor Court Football Shoes,1,74.95,,,Sustainable Materials,https://www.nike.com/gb/t/zoom-mercurial-vapor-15-academy-ic-indoor-court-football-shoes-KNwtK8/DJ5633-146
Nike GT Cut 2 'Devin Booker',Men's Basketball Shoes,2,164.95,,,Just In,https://www.nike.com/gb/t/gt-cut-2-devin-booker-basketball-shoes-wF1LRK/DJ6015-301
Jordan 6 Rings,Men's Shoes,3,164.95,,,,https://www.nike.com/gb/t/jordan-6-rings-shoes-2Mk97F/322992-142
Nike Blazer Mid '77 SE,Men's Shoes,1,99.95,,,,https://www.nike.com/gb/t/blazer-mid-77-se-shoes-L9l7wW/DV0797-100
NikeCourt Air Zoom Pro,Men's Clay Court Tennis Shoes,2,99.95,,,,https://www.nike.com/gb/t/nikecourt-air-zoom-pro-clay-court-tennis-shoes-c5slsH/DV3277-003
Nike Offcourt,Men's Slides,1,39.95,31.97,19% off,,https://www.nike.com/gb/t/offcourt-slides-5Q12Bg/DX1257-700
Nike Air Max Terrascape Plus,Men's Shoes,2,179.95,,,,https://www.nike.com/gb/t/air-max-terrascape-plus-shoes-BbbG0S/DV7513-002
Nike Dunk High Retro,Men's Shoes,1,114.95,,,,https://www.nike.com/gb/t/dunk-high-retro-shoes-pDTKCP/DZ4515-100
Nike Streakfly,Road Racing Shoes,1,144.95,,,,https://www.nike.com/gb/t/streakfly-road-racing-shoes-FNPPmz/DJ6566-102
Jordan Stadium 90,Men's Shoes,2,124.95,,,,https://www.nike.com/gb/t/jordan-stadium-90-shoes-8gvsQD/DX4397-100
Nike Phantom GX Pro Dynamic Fit FG,Firm-Ground Football Boot,2,144.95,,,,https://www.nike.com/gb/t/phantom-gx-pro-dynamic-fit-fg-football-boot-KdW1w6/DD9465-010
Nike React HyperSet LE,Indoor Court Shoes,1,123.95,77.97,37% off,,https://www.nike.com/gb/t/react-hyperset-le-indoor-court-shoes-Bt3vbj/DJ4473-064
Nike Air Max 95 QS,Men's Shoes,1,164.95,,,,https://www.nike.com/gb/t/air-max-95-qs-shoes-5h0t4w/DM0012-600
Nike Zoom Mercurial Dream Speed Superfly 9 Elite FG,Firm-Ground Football Boot,1,259.95,,,,https://www.nike.com/gb/t/zoom-mercurial-dream-speed-superfly-9-elite-fg-football-boot-9ZK53N/DV2413-405
Air Jordan 2 Retro,Men's Shoes,2,169.95,,,,https://www.nike.com/gb/t/air-jordan-2-retro-shoes-8kq9Tk/DR8884-103
Zoom Freak 4,Basketball Shoes,1,124.95,,,,https://www.nike.com/gb/t/zoom-freak-4-basketball-shoes-Qzzkpn/FB9503-200
Nike Air More Uptempo '96,Men's Shoes,1,164.95,,,,https://www.nike.com/gb/t/air-more-uptempo-96-shoes-6s4039/FJ4416-100
Nike Ebernon Mid,Men's Shoes,1,59.95,44.97,24% off,,https://www.nike.com/gb/t/ebernon-mid-shoes-VJp8XV/AQ1773-002
Nike ACG Moc,Men's Shoes,2,84.95,,,,https://www.nike.com/gb/t/acg-moc-shoes-G4wjqf/DQ6453-400
Tatum 1 'Barbershop',Basketball Shoes,1,109.95,,,,https://www.nike.com/gb/t/tatum-1-barbershop-basketball-shoes-BrcfbG/DX5571-180
Nike Air Max 95,Men's Shoes,1,169.95,,,,https://www.nike.com/gb/t/air-max-95-shoes-5wdDzG/FD0652-001
Nike Dunk High x SOULGOODS,Men's Shoes,1,129.95,,,,https://www.nike.com/gb/t/dunk-high-soulgoods-shoes-Zg6mR2/DR1415-200
Nike ACG Moc,Men's Shoes,2,84.95,,,Available in SNKRS,https://www.nike.com/gb/launch/r/DZ3407-300
Nike Air Max SC,Men's Shoes,1,79.95,,,,https://www.nike.com/gb/t/air-max-sc-shoes-dJtkDn/FN4293-010
Nike Air Max Flyknit Racer,Men's Shoes,2,152.95,,,Sustainable Materials,https://www.nike.com/gb/t/air-max-flyknit-racer-shoes-T3M6C3/FD4610-700
Air Jordan 5 Retro,Men's Shoes,1,189.95,,,,https://www.nike.com/gb/t/air-jordan-5-retro-shoes-T78RMv/DD0587-047
Nike Blazer Mid Pro Club,Men's Shoes,3,99.95,,,,https://www.nike.com/gb/t/blazer-mid-pro-club-shoes-d4lr5W/DQ7673-003
Nike Dunk High 1985 SP,Shoes,2,114.95,,,,https://www.nike.com/gb/t/dunk-high-1985-sp-shoes-jzpmSM/DD9404-001
NikeCourt Air Zoom Pro,Men's Clay Court Tennis Shoes,2,99.95,,,,https://www.nike.com/gb/t/nikecourt-air-zoom-pro-clay-court-tennis-shoes-c5slsH/DV3277-003
Nike Offcourt,Men's Slides,1,39.95,31.97,19% off,,https://www.nike.com/gb/t/offcourt-slides-5Q12Bg/DX1257-700
Nike Air Max Terrascape Plus,Men's Shoes,2,179.95,,,,https://www.nike.com/gb/t/air-max-terrascape-plus-shoes-BbbG0S/DV7513-002
Nike Dunk High Retro,Men's Shoes,1,114.95,,,,https://www.nike.com/gb/t/dunk-high-retro-shoes-pDTKCP/DZ4515-100
Nike Streakfly,Road Racing Shoes,1,144.95,,,,https://www.nike.com/gb/t/streakfly-road-racing-shoes-FNPPmz/DJ6566-102
Jordan Stadium 90,Men's Shoes,2,124.95,,,,https://www.nike.com/gb/t/jordan-stadium-90-shoes-8gvsQD/DX4397-100
Nike Phantom GX Pro Dynamic Fit FG,Firm-Ground Football Boot,2,144.95,,,,https://www.nike.com/gb/t/phantom-gx-pro-dynamic-fit-fg-football-boot-KdW1w6/DD9465-010
Nike React HyperSet LE,Indoor Court Shoes,1,123.95,77.97,37% off,,https://www.nike.com/gb/t/react-hyperset-le-indoor-court-shoes-Bt3vbj/DJ4473-064
Nike Air Max 95 QS,Men's Shoes,1,164.95,,,,https://www.nike.com/gb/t/air-max-95-qs-shoes-5h0t4w/DM0012-600
Nike Zoom Mercurial Dream Speed Superfly 9 Elite FG,Firm-Ground Football Boot,1,259.95,,,,https://www.nike.com/gb/t/zoom-mercurial-dream-speed-superfly-9-elite-fg-football-boot-9ZK53N/DV2413-405
Air Jordan 2 Retro,Men's Shoes,2,169.95,,,,https://www.nike.com/gb/t/air-jordan-2-retro-shoes-8kq9Tk/DR8884-103
Zoom Freak 4,Basketball Shoes,1,124.95,,,,https://www.nike.com/gb/t/zoom-freak-4-basketball-shoes-Qzzkpn/FB9503-200
Nike Air More Uptempo '96,Men's Shoes,1,164.95,,,,https://www.nike.com/gb/t/air-more-uptempo-96-shoes-6s4039/FJ4416-100
Nike Ebernon Mid,Men's Shoes,1,59.95,44.97,24% off,,https://www.nike.com/gb/t/ebernon-mid-shoes-VJp8XV/AQ1773-002
Nike ACG Moc,Men's Shoes,2,84.95,,,,https://www.nike.com/gb/t/acg-moc-shoes-G4wjqf/DQ6453-400
Tatum 1 'Barbershop',Basketball Shoes,1,109.95,,,,https://www.nike.com/gb/t/tatum-1-barbershop-basketball-shoes-BrcfbG/DX5571-180
Nike Air Max 95,Men's Shoes,1,169.95,,,,https://www.nike.com/gb/t/air-max-95-shoes-5wdDzG/FD0652-001
Nike Dunk High x SOULGOODS,Men's Shoes,1,129.95,,,,https://www.nike.com/gb/t/dunk-high-soulgoods-shoes-Zg6mR2/DR1415-200
Nike ACG Moc,Men's Shoes,2,84.95,,,Available in SNKRS,https://www.nike.com/gb/launch/r/DZ3407-300
Nike Air Max SC,Men's Shoes,1,79.95,,,,https://www.nike.com/gb/t/air-max-sc-shoes-dJtkDn/FN4293-010
Nike Air Max Flyknit Racer,Men's Shoes,2,152.95,,,Sustainable Materials,https://www.nike.com/gb/t/air-max-flyknit-racer-shoes-T3M6C3/FD4610-700
Air Jordan 5 Retro,Men's Shoes,1,189.95,,,,https://www.nike.com/gb/t/air-jordan-5-retro-shoes-T78RMv/DD0587-047
Nike Blazer Mid Pro Club,Men's Shoes,3,99.95,,,,https://www.nike.com/gb/t/blazer-mid-pro-club-shoes-d4lr5W/DQ7673-003
Nike Dunk High 1985 SP,Shoes,2,114.95,,,,https://www.nike.com/gb/t/dunk-high-1985-sp-shoes-jzpmSM/DD9404-001
Nike Air Max Plus III,Men's Shoe,1,164.95,,,,https://www.nike.com/gb/t/air-max-plus-iii-shoe-3BSBtx/DJ4600-001
Nike SuperRep Cycle 2 Next Nature,Indoor Cycling Shoes,2,114.95,,,Sustainable Materials,https://www.nike.com/gb/t/superrep-cycle-2-next-nature-indoor-cycling-shoes-Q5XcZJ/DH3396-002
NikeCourt Zoom Pro,Men's Hard Court Tennis Shoes,1,89.95,,,,https://www.nike.com/gb/t/nikecourt-zoom-pro-hard-court-tennis-shoes-W66zv5/DH0618-402
Nike Air Force 1 Low Retro QS,Men's Shoes,1,124.95,,,Just In,https://www.nike.com/gb/t/air-force-1-low-retro-qs-shoes-8LFBw0/DX1156-100
Nike Air Max 1 Premium,Men's Shoes,1,152.95,,,Available in SNKRS,https://www.nike.com/gb/launch/r/FJ0698-100
Nike Air Max TW SE,Men's Shoes,1,152.95,,,,https://www.nike.com/gb/t/air-max-tw-se-shoes-8Cv4S6/FJ7071-070
Nike Air Max 1 '86 OG G NRG,Men's Golf Shoes,1,169.95,,,Sold Out,https://www.nike.com/gb/t/air-max-1-86-og-g-nrg-golf-shoes-fVQjgG/DV6802-007
Air Jordan 14 Retro,Shoes,1,179.95,,,,https://www.nike.com/gb/t/air-jordan-14-retro-shoes-6wF0PL/487471-701
Nike Air Max Impact 4,Basketball Shoes,5,89.95,,,,https://www.nike.com/gb/t/air-max-impact-4-basketball-shoes-FBS0Hq/DM1124-100
Nike Zoom Mercurial Superfly 9 Academy AG,Artificial-Grass Football Boot,1,84.95,,,Sustainable Materials,https://www.nike.com/gb/t/zoom-mercurial-superfly-9-academy-ag-football-boot-8Jdx9W/DJ5622-146
Air Jordan 7 Retro Q,Men's Shoes,1,189.95,,,,https://www.nike.com/gb/t/air-jordan-7-retro-q-shoes-31JDcB/DV0577-500
Air Jordan 3 Retro,Men's Shoes,1,179.95,,,,https://www.nike.com/gb/t/air-jordan-3-retro-shoes-rlqmKd/CT8532-008
Air Jordan 3 Retro SE,Men's Shoes,1,199.95,,,,https://www.nike.com/gb/t/air-jordan-3-retro-se-shoes-1sD4Gh/DR8869-200
Nike P-6000,Shoes,1,99.95,,,,https://www.nike.com/gb/t/p-6000-shoes-qN4S06/BV1021-101
Nike Air Zoom Victory Tour 3 NRG,Men's Golf Shoes,1,224.95,,,,https://www.nike.com/gb/t/air-zoom-victory-tour-3-nrg-golf-shoes-Shd7qT/DV6799-007
Nike Zoom Vomero 5,Men's Shoes,2,144.95,,,Available in SNKRS,https://www.nike.com/gb/launch/r/FB9149-400
Jordan Play,Men's Slides,3,37.95,34.47,,,https://www.nike.com/gb/t/jordan-play-slides-5T3Lwf/DC9835-003
Nike LeBron 2,Men's Shoes,1,189.95,,,,https://www.nike.com/gb/t/lebron-2-shoes-LSWrMx/DJ4892-100
NikeCourt Zoom Lite 3,Men's Hard Court Tennis Shoes,1,59.95,47.97,19% off,,https://www.nike.com/gb/t/nikecourt-zoom-lite-3-hard-court-tennis-shoes-gRL8D4/DH0626-010
Nike SB Zoom Nyjah 3,Skate Shoes,1,99.95,59.97,40% off,,https://www.nike.com/gb/t/sb-zoom-nyjah-3-skate-shoes-FWV8xH/DV1187-400
Nike Tanjun,Men's Shoes,1,69.95,48.97,29% off,Sustainable Materials,https://www.nike.com/gb/t/tanjun-shoes-v6bXWd/DJ6258-100
Nike SB Zoom Blazer Mid Premium,Skate Shoes,2,99.95,,,,https://www.nike.com/gb/t/sb-zoom-blazer-mid-skate-shoes-H4zkcz/DV7898-600
Nike Air Max 1 '86 Premium,Men's Shoes,1,144.95,,,Launching in SNKRS,https://www.nike.com/gb/launch/r/DV7525-001
Nike Zoom Rival SD 2,Athletics Throwing Shoes,1,69.95,,,,https://www.nike.com/gb/t/zoom-rival-sd-2-athletics-throwing-shoes-zD7ShF/685134-102
Air Jordan 1 Retro High OG Craft,Men's Shoes,1,169.95,,,Available in SNKRS,https://www.nike.com/gb/launch/r/FD8631-100
The Nike Premier 3 SG-PRO Anti-Clog Traction,Soft-Ground Football Boot,1,109.95,,,,https://www.nike.com/gb/t/premier-3-sg-pro-anti-clog-traction-football-boot-Q32hVx/AT5890-010
Nike Gripknit Phantom GX Elite Dynamic Fit Fusion AG-Pro,Artificial-Grass Football Boot,1,249.95,,,,https://www.nike.com/gb/t/gripknit-phantom-gx-elite-dynamic-fit-fusion-ag-pro-football-boot-wFPS9t/DV6972-071
Air Jordan 1 Low SE Craft,Men's Shoes,1,114.95,,,Just In,https://www.nike.com/gb/t/air-jordan-1-low-se-craft-shoes-xtlnZ1/DN1635-002
Nike E-Series AD,Men's Shoes,3,72.95,65.97,,,https://www.nike.com/gb/t/e-series-ad-shoes-QCdtXX/DV2436-001
Nike Air Zoom G.T. Jump,Basketball Shoes,2,179.95,,,Just In,https://www.nike.com/gb/t/air-zoom-gt-jump-basketball-shoes-4zth3s/CZ9907-501
Nike Infinity G,Golf Shoes,1,69.95,,,,https://www.nike.com/gb/t/infinity-g-golf-shoes-s16X8Z/CT0531-001
Nike Terminator High,Men's Shoes,1,124.95,,,,https://www.nike.com/gb/t/terminator-high-shoes-8X9lw1/FB1318-100
Nike Lunar Gato II IC,Indoor Court Football Shoes,2,79.95,,,,https://www.nike.com/gb/t/lunar-gato-ii-ic-indoor-court-football-shoes-gW0bVV/580456-010
LeBron XX UNINTERRUPTED EP,Basketball Shoes,1,179.95,,,,https://www.nike.com/gb/t/lebron-xx-uninterrupted-ep-basketball-shoes-DSPg9C/FN0941-001
Nike Blazer Mid '77 Jumbo,Men's Shoes,1,99.95,,,Bestseller,https://www.nike.com/gb/t/blazer-mid-77-jumbo-shoes-jn8dR0/DD3111-100
Nike Dunk High Retro,Men's Shoe,1,109.95,,,,https://www.nike.com/gb/t/dunk-high-retro-shoe-lbjZ8r/DD1399-700
Nike Air Max Terrascape 90,Men's Shoes,2,144.95,,,Sustainable Materials,https://www.nike.com/gb/t/air-max-terrascape-90-shoes-40BjV8/DQ3987-101
Nike React Tiempo Legend 9 Pro TF,Turf Football Shoe,1,109.95,,,,https://www.nike.com/gb/t/react-tiempo-legend-9-pro-tf-football-shoe-DVvMj4/DA1192-146
Nike Dunk Low,Men's Shoes,1,109.95,,,Just In,https://www.nike.com/gb/t/dunk-low-shoes-1NWV9l/FN3418-100
Nike Blazer Low '77 Jumbo,Men's Shoes,1,89.95,,,,https://www.nike.com/gb/t/blazer-low-77-jumbo-shoes-tK6KQW/FN3413-100
NikeCourt Royale 2 Next Nature,Men's Shoes,2,64.95,,,Sustainable Materials,https://www.nike.com/gb/t/nikecourt-royale-2-next-nature-shoes-7qMfr3/DH3160-100
Air Jordan 1 Utility,Men's Shoes,1,164.95,115.47,29% off,,https://www.nike.com/gb/t/air-jordan-1-utility-shoes-RRDP29/DO8727-100
Nike Tiempo Legend 9 Elite FG,Firm-Ground Football Boot,2,214.95,,,,https://www.nike.com/gb/t/tiempo-legend-9-elite-fg-football-boots-Xgzrvz/CZ8482-146
Nike Blazer Low '77 Jumbo,Men's Shoes,1,89.95,,,,https://www.nike.com/gb/t/blazer-low-77-jumbo-shoes-gKQW95/DN2158-101
Nike SB Nyjah 3,Skate Shoes,1,99.95,,,,https://www.nike.com/gb/t/sb-nyjah-3-skate-shoes-wXm6bH/DJ6130-100
Air Jordan 13 Retro,Men's Shoes,1,179.95,,,,https://www.nike.com/gb/t/air-jordan-13-retro-shoes-8bBb01/DJ5982-041
Nike Air Max TW Next Nature,Men's Shoes,1,144.95,,,Just In,https://www.nike.com/gb/t/air-max-tw-next-nature-shoes-04v2Km/FN3409-400
Jordan Break,Slides,1,29.95,,,,https://www.nike.com/gb/t/jordan-break-slides-8mZMv0/AR6374-016
Nike High Jump Elite,Athletics Jumping Spikes,1,119.95,,,,https://www.nike.com/gb/t/high-jump-elite-athletics-jumping-spikes-RR70ZP/806561-102
Nike Air Max 1 Premium,Shoes,2,152.95,,,Available in SNKRS,https://www.nike.com/gb/launch/r/FB8915-600
Air Jordan 1 Retro Low OG,Men's Shoes,2,134.95,,,,https://www.nike.com/gb/t/air-jordan-1-retro-low-og-shoes-t4KF3Z/DV0982-006
Nike Air Max 270,Men's Shoes,1,144.95,,,,https://www.nike.com/gb/t/air-max-270-shoes-9BbbVC/FN3412-600
Nike Internationalist By You,Custom Men's Shoe,1,109.95,,,Customise,https://www.nike.com/gb/u/custom-nike-internationalist-low-by-you-10000978/5342798148
Nike Air Force 1 '07 FlyEase,Men's Shoes,1,109.95,,,,https://www.nike.com/gb/t/air-force-1-07-flyease-shoes-917Z2r/FD1146-100
Nike Zoom Mercurial Vapor 15 Academy XXV TF,Turf Football Shoes,1,74.95,,,,https://www.nike.com/gb/t/zoom-mercurial-vapor-15-academy-xxv-tf-football-shoes-FNgf2x/FB8396-060
Nike Free Run 5.0,Men's Road Running Shoes,2,109.95,,,Sustainable Materials,https://www.nike.com/gb/t/free-run-5-road-running-shoes-GlfMlr/CZ1884-004
Jordan Play Luka,Men's Slides,1,39.95,35.97,,,https://www.nike.com/gb/t/jordan-play-luka-slides-s2fkR3/DN4024-930
Nike Air Max TW SE,Men's Shoes,1,152.95,,,Sustainable Materials,https://www.nike.com/gb/t/air-max-tw-se-shoes-vF7z9t/DV1232-100
Nike Air Force 1 Low Retro,Men's Shoes,1,114.95,,,Available in SNKRS,https://www.nike.com/gb/launch/r/FJ1044-700
Nike Air More Uptempo '96,Men's Shoes,1,164.95,,,,https://www.nike.com/gb/t/air-more-uptempo-96-shoes-B5GfN2/DV3466-200
Nike Air Max 97,Men's Shoes,1,179.95,,,Member Access,https://www.nike.com/gb/t/air-max-97-shoes-MjZ3zp/FD9754-001
Nike Offcourt Adjust,Men's Slides,1,39.95,,,,https://www.nike.com/gb/t/offcourt-adjust-slides-JXRs9c/DQ9624-003
Nike Air Force 1 Mid '07 QS,Men's Shoes,1,124.95,,,,https://www.nike.com/gb/t/air-force-1-mid-07-qs-shoes-MlKXFM/DM0107-500
Nike React HyperSet LE,Indoor Court Shoes,1,123.95,,,,https://www.nike.com/gb/t/react-hyperset-le-indoor-court-shoes-bKhGQl/DJ4473-121
Air Jordan 2 Retro,Men's Shoes,1,179.95,,,,https://www.nike.com/gb/t/air-jordan-2-retro-shoes-qK1n8c/DX2454-106
Nike Air Max Scorpion Flyknit,Men's Shoes,1,224.95,,,Sustainable Materials,https://www.nike.com/gb/t/air-max-scorpion-flyknit-shoes-Wbg8S7/DJ4701-003
Nike Air Max 95 QS,Men's Shoes,1,164.95,,,,https://www.nike.com/gb/t/air-max-95-qs-shoes-V841LW/DV2593-100
LeBron XX 'Stocking Stuffer',Basketball Shoes,1,179.95,,,,https://www.nike.com/gb/t/lebron-xx-stocking-stuffer-basketball-shoes-hdhVdr/FJ4955-300
Nike Air Force 1 '07,Men's Shoes,1,114.95,,,,https://www.nike.com/gb/t/air-force-1-07-shoes-5bsTdX/FD9758-100
Nike Air Zoom Flight 95,Men's Shoes,1,152.95,,,,https://www.nike.com/gb/t/air-zoom-flight-95-shoes-bHX4LZ/DV6994-001
Nike Air Max Flyknit Racer Next Nature,Men's Shoes,1,152.95,,,Sustainable Materials,https://www.nike.com/gb/t/air-max-flyknit-racer-next-nature-shoes-5l7wfn/FD2764-001
Nike Manoa Leather,Men's Boot,1,99.95,,,,https://www.nike.com/gb/t/manoa-leather-boot-BDgnTM/454350-003
Nike Terminator Low,Men's Shoes,1,114.95,,,Launching in SNKRS,https://www.nike.com/gb/launch/r/FJ4206-700
Air Jordan 6 Retro,Shoes,1,169.95,,,,https://www.nike.com/gb/t/air-jordan-6-retro-shoes-sJVZR0/CT8529-141
Nike Air More Uptempo '96,Men's Shoes,1,164.95,,,,https://www.nike.com/gb/t/air-more-uptempo-96-shoes-X7WGvQ/DV0819-001
Air Jordan 1 Mid SE Craft,Men's Shoes,1,124.95,,,Just In,https://www.nike.com/gb/t/air-jordan-1-mid-se-craft-shoes-N0Bptg/DM9652-120
Air Jordan Legacy 312 Low,Men's Shoes,1,134.95,,,,https://www.nike.com/gb/t/air-jordan-legacy-312-low-shoes-1h44zK/FJ7221-101
Nike Air Max TW,Men's Shoes,1,144.95,101.47,29% off,Sustainable Materials,https://www.nike.com/gb/t/air-max-tw-shoes-cb8j2M/DQ3984-101
Nike Air Max 97 Be True,Shoes,1,169.95,,,Just In,https://www.nike.com/gb/t/air-max-97-be-true-shoes-N2pGQ2/FD8637-600
Nike ZoomX Dragonfly,Athletics Distance Spikes,1,159.95,,,,https://www.nike.com/gb/t/zoomx-dragoy-athletics-distance-spikes-Q3dLL0/DX7992-001
Nike Zoom Mercurial Dream Speed Vapor 15 Elite FG,Firm-Ground Football Boot,1,244.95,,,,https://www.nike.com/gb/t/zoom-mercurial-dream-speed-vapor-15-elite-fg-football-boot-5rH9Fn/DV2417-405
Nike SB Zoom Blazer Mid x Mason Silva,Skate Shoes,1,99.95,,,,https://www.nike.com/gb/t/sb-zoom-blazer-mid-mason-silva-skate-shoes-0GF7r0/DZ7260-400
Nike Air Flight Lite Mid,Men's Shoes,1,119.95,83.97,29% off,,https://www.nike.com/gb/t/air-flight-lite-mid-shoes-hM9N7Q/DV0824-100
Nike Phantom GX Club Dynamic Fit TF,Turf Football Shoes,1,64.95,,,Sustainable Materials,https://www.nike.com/gb/t/phantom-gx-club-dynamic-fit-tf-football-shoes-kH1nR6/DD9487-010
Nike Air Max Plus Utility,Men's Shoes,1,179.95,,,,https://www.nike.com/gb/t/air-max-plus-utility-shoes-ZDG6hZ/FJ4232-200
Nike Gripknit Phantom GX Elite Fusion SG-Pro Anti-Clog Traction,Soft-Ground Football Boot,1,244.95,,,,https://www.nike.com/gb/t/gripknit-phantom-gx-elite-fusion-sg-pro-anti-clog-traction-football-boots-bHJDMD/FD5227-071
Nike ACG Watercat+,Shoes,1,112.95,,,Launching in SNKRS,https://www.nike.com/gb/launch/r/CZ0931-002
Nike Zoom Rival,Athletics Multi-Event Spikes,1,69.95,,,,https://www.nike.com/gb/t/zoom-rival-athletics-multi-event-spikes-gPR5hC/DC8749-001
Nike Blazer Mid '77,Men's Shoes,1,99.95,,,,https://www.nike.com/gb/t/blazer-mid-77-shoes-D2VxLz/DV7194-100
NikeCourt Zoom Lite 3,Men's Hard Court Tennis Shoes,1,59.95,50.97,14% off,,https://www.nike.com/gb/t/nikecourt-zoom-lite-3-hard-court-tennis-shoes-Xq0r48/DH0626-100
Air Jordan 7 Retro SE,Men's Shoes,1,199.95,,,,https://www.nike.com/gb/t/air-jordan-7-retro-se-shoes-pc8wjP/DN9782-001
Nike Air Max 270,Men's Shoe,1,144.95,,,,https://www.nike.com/gb/t/air-max-270-shoe-XqgC32/DC0957-100
Nike Air Max 90 SE,Men's Shoes,1,144.95,,,,https://www.nike.com/gb/t/air-max-90-se-shoes-2Dd8X5/FB4315-100
Nike Air Flight Lite Mid,Men's Shoes,1,119.95,,,,https://www.nike.com/gb/t/air-flight-lite-mid-shoes-sQx279/FJ2949-001
Nike Air Force 1 Low Retro,Men's Shoes,1,134.95,,,,https://www.nike.com/gb/t/air-force-1-low-retro-shoes-6qVDGL/DJ3911-100
Air Jordan 7 Retro SE,Men's Shoes,1,189.95,,,Just In,https://www.nike.com/gb/t/air-jordan-7-retro-se-shoes-kHfpbP/DJ2636-204
NikeCourt Air Zoom Vapor AJ3,Men's Hard Court Tennis Shoes,1,199.95,,,,https://www.nike.com/gb/t/nikecourt-air-zoom-vapor-aj3-hard-court-tennis-shoes-mxv8DQ/DV9367-100
Nike Zoom Mercurial Vapor 15 Pro AG-Pro,Artificial-Grass Football Boot,1,134.95,,,,https://www.nike.com/gb/t/zoom-mercurial-vapor-15-pro-ag-pro-football-cleats-0l5WRG/DJ5604-001
Nike Air Zoom Victory,Athletics Distance Spikes,1,224.95,,,,https://www.nike.com/gb/t/air-zoom-victory-athletics-distance-spikes-zdf00Q/CD4385-600
Nike Blazer Low '77 Jumbo SE,Men's Shoes,1,89.95,,,,https://www.nike.com/gb/t/blazer-low-77-jumbo-se-shoes-9x9RPg/FJ5467-077
Air Jordan 2 Retro Wings Foundation,Men's Shoes,1,189.95,,,Available in SNKRS,https://www.nike.com/gb/launch/r/DZ7391-103
Jordan Break,Slides,1,29.95,26.97,,,https://www.nike.com/gb/t/jordan-break-slides-tS5XbM/AR6374-010
Air Jordan 13 Retro x SoleFly,Men's Shoes,1,204.95,,,,https://www.nike.com/gb/t/air-jordan-13-retro-solefly-shoes-270lmB/DX5763-100
Nike ZoomX Dragonfly,Athletics Distance Spikes,1,159.95,,,,https://www.nike.com/gb/t/zoomx-dragoy-athletics-distance-spikes-JzN7cM/CV0400-600
Nike Air Trainer 1,Men's Shoes,1,114.95,,,,https://www.nike.com/gb/t/air-trainer-1-shoes-b6qHDL/DM0522-201
Nike Air Force 1 Low Retro,Men's Shoes,1,114.95,,,,https://www.nike.com/gb/t/air-force-1-low-retro-shoes-wljGWv/FN5924-100
Nike In-Season TR 13,Men's Training Shoes,1,72.95,,,,https://www.nike.com/gb/t/in-season-tr-13-training-shoes-MV9kQd/DZ9360-001
Air Jordan I High G,Men's Golf Shoes,1,144.95,,,,https://www.nike.com/gb/t/air-jordan-i-high-g-golf-shoes-F7glQR/DQ0660-130
Nike Air Max Plus 3,Men's Shoes,1,169.95,,,,https://www.nike.com/gb/t/air-max-plus-3-shoes-m0Vpt4/CK6716-100
Roshe G Next Nature,Men's Golf Shoes,1,89.95,,,Sustainable Materials,https://www.nike.com/gb/t/roshe-g-next-nature-golf-shoes-n3bpDZ/FD2599-400
Jordan Delta 3 Low,Men's Shoes,1,124.95,99.97,19% off,,https://www.nike.com/gb/t/jordan-delta-3-low-shoes-3Mcgk5/DN2647-100
Nike Dunk High Retro SE,Men's Shoes,1,114.95,,,Just In,https://www.nike.com/gb/t/dunk-high-retro-se-shoes-cf2h6l/DV7223-800
Jordan Series Mid,Men's Shoes,1,89.95,62.97,29% off,,https://www.nike.com/gb/t/jordan-series-mid-shoes-mwJSB1/DA8026-100
Nike Zoom Mamba 6,Athletics Distance Spikes,1,124.95,,,,https://www.nike.com/gb/t/zoom-mamba-6-athletics-distance-spikes-R0jS1T/DR2733-100
Nike SB Dunk High Pro PRM,Skate Shoes,1,109.95,,,,https://www.nike.com/gb/t/sb-dunk-high-pro-prm-skate-shoes-SvF5D8/DO9394-100
